Storeid,StoreName,State,Date,VALUE,Energizer Tower Pre-Pack,Eveready Tower Pre-Pack ,Energizer Max Plus 10's Penta,Energizer Max 14/16 Loose Stock,Energizer Max 24pk Loose Stock,Energizer Specialty Range Loose,Armor All®  Range Loose,Armor All® Quick Clean Kit ,Jelly Belly® Range Loose Stock Deal,Eveready Lighting Tower,Energizer Tower Pre-Pack,Eveready Tower Pre-Pack ,Energizer Max Plus 10's Penta,Energizer Max 14/16 Loose Stock,Energizer Max 24pk Loose Stock,Energizer Specialty Range Loose,Armor All®  Range Loose,Armor All® Quick Clean Kit ,Jelly Belly® Range Loose Stock Deal,Eveready Lighting Tower
183120,SUPERMART FRESHWATER (KARELLAS) 147349,NSW,10/4/2025,0,0,0,0,0,0,0,0,0,0,0,0,0,0,0,0,0,0,0,0,0
15892,IGA BRAIDWOOD 633108,NSW,28/5/2025,332.3661168,0,0,0,0,0,121.33,0,141.76,65.07,0,0,0,0,0,0,1,0,2,1.206116775,0
193069,IGA GOOGONG 61089729,NSW,29/5/2025,1035.895117,500.36,568.53,0,454.23,0,121.33,229.89,70.88,65.07,86.289,1,1,0,1,0,1,1,1,1.206116775,1
577,IGA HARRISONS HAY 295634,NSW,3/6/2025,355.22,500.36,568.53,0,0,0,121.33,229.89,0,0,0,1,1,0,0,0,1,1,0,0,0
13949,IGA ROUSE HILL (CHRISS)  84630,NSW,11/6/2025,2,500.36,568.53,0,0,0,0,0,0,0,0,1,1,0,0,0,0,0,0,0,0
6818,FRIENDLY GROCER SOUTH PENRITH,NSW,12/6/2025,264.569,0,0,0,0,0,121.33,0,0,53.95,86.289,0,0,0,0,0,1,0,0,1,1
123650,FOODWORKS REDFERN 163222,NSW,17/6/2025,330.66,0,0,329.66,0,0,0,0,0,0,0,0,0,1,0,0,0,0,0,0,0
126137,IGA LOCAL GROCER NORTH EPPING,NSW,18/6/2025,122.33,0,0,0,0,0,121.33,0,0,0,0,0,0,0,0,0,1,0,0,0,0
53172,IGA ALEXANDRIA 224395,NSW,19/6/2025,2,500.36,568.53,0,0,0,0,0,0,0,0,1,1,0,0,0,0,0,0,0,0
46248,IGA LAWSON 88595,NSW,23/6/2025,384.67,0,0,329.66,0,53.01,0,0,0,0,0,0,0,1,0,1,0,0,0,0,0
7272,IGA WAGGA ON BOURKE ST 116241,NSW,23/6/2025,645.8361168,500.36,568.53,0,454.23,0,121.33,0,0,65.07,0,1,1,0,1,0,1,0,0,1.206116775,0
53363,IGA MEADOWBANK 199396,NSW,24/6/2025,2,500.36,568.53,0,0,0,0,0,0,0,0,1,1,0,0,0,0,0,0,0,0
39345,IGA BRADBURY 227301,NSW,25/6/2025,415.8330584,500.36,568.53,0,0,0,121.33,229.89,0,59.51,0,1,1,0,0,0,1,1,0,1.103058387,0
46686,IGA LOCAL GROCER BELLAMBI,NSW,26/6/2025,132.4930584,0,0,0,0,0,0,0,70.88,59.51,0,0,0,0,0,0,0,0,1,1.103058387,0
13992,FOODWORKS MULWALA 961870,NSW,26/6/2025,687.279,500.36,0,0,454.23,0,0,0,141.76,0,86.289,1,0,0,1,0,0,0,2,0,1
19138,IGA EAST GOSFORD (MALWA) 103230,NSW,27/6/2025,123.33,500.36,0,0,0,0,121.33,0,0,0,0,1,0,0,0,0,1,0,0,0,0
21433,FOODWORKS KELSO,NSW,27/6/2025,122.33,0,0,0,0,0,121.33,0,0,0,0,0,0,0,0,0,1,0,0,0,0
14216,FWKS WALLERAWANG,NSW,27/6/2025,1,500.36,0,0,0,0,0,0,0,0,0,1,0,0,0,0,0,0,0,0,0
13438,IGA BEXLEY 133560,NSW,30/6/2025,124.33,500.36,568.53,0,0,0,121.33,0,0,0,0,1,1,0,0,0,1,0,0,0,0
22029,IGA BATHURST WEST POINT 163010,NSW,30/6/2025,122.33,0,0,0,0,0,121.33,0,0,0,0,0,0,0,0,0,1,0,0,0,0
227927,IGA LOCAL GROCER KINCUMBER 113007,NSW,30/6/2025,123.33,500.36,0,0,0,0,121.33,0,0,0,0,1,0,0,0,0,1,0,0,0,0
21039,IGA ARNCLIFFE  14601,NSW,30/6/2025,123.33,500.36,0,0,0,0,121.33,0,0,0,0,1,0,0,0,0,1,0,0,0,0
84565,IGA LILLYFIEILD 148743,NSW,1/7/2025,266.34076,0,0,0,0,0,121.33,0,0,141.39,0,0,0,0,0,0,1,0,0,2.620759963,0
8953,IGA PUTNEY  21632,NSW,1/7/2025,303.0469804,1000.72,0,0,0,0,242.66,0,0,0,55.741,2,0,0,0,0,2,0,0,0,0.645980368
8513,IGA LOCAL GROCER GLEBE 228909,NSW,2/7/2025,122.33,0,0,0,0,0,121.33,0,0,0,0,0,0,0,0,0,1,0,0,0,0
24058,SUPA IGA MERRYLANDS 199914,NSW,3/7/2025,457.23,500.36,568.53,0,454.23,0,0,0,0,0,0,1,1,0,1,0,0,0,0,0,0
52542,FOODWORKS ST CLAIR 186490,NSW,4/7/2025,408.17,0,0,0,0,0,121.33,229.89,0,53.95,0,0,0,0,0,0,1,1,0,1,0
98499,IGA BUNDEENA  179443,NSW,8/7/2025,280.2526537,500.36,568.53,0,0,0,121.33,0,70.88,65.07,17.563,1,1,0,0,0,1,0,1,1.206116775,0.203536951
11479,FRIENDLY GROCER GLEBE,NSW,8/7/2025,122.33,0,0,0,0,0,121.33,0,0,0,0,0,0,0,0,0,1,0,0,0,0
20446,IGA LOCAL GROCER TURRAMURRA EASTERN ROAD 161254,NSW,8/7/2025,355.22,500.36,568.53,0,0,0,121.33,229.89,0,0,0,1,1,0,0,0,1,1,0,0,0
43679,FOODWORKS OAK FLATS,NSW,9/7/2025,196.21,1000.72,0,0,0,0,121.33,0,70.88,0,0,2,0,0,0,0,1,0,1,0,0
11876,IGA HUNTERS HILL 131534,NSW,11/7/2025,123.33,500.36,0,0,0,0,121.33,0,0,0,0,1,0,0,0,0,1,0,0,0,0
85523,IGA AUGUSTINE HEIGH 153578,QLD,12/5/2025,88.289,500.36,0,0,0,0,0,0,0,0,86.289,1,0,0,0,0,0,0,0,0,1
17172,FRIENDLY GROCER SCARBOROUGH BEACH,QLD,21/5/2025,282.499,500.36,0,0,0,0,121.33,0,70.88,0,86.289,1,0,0,0,0,1,0,1,0,1
32938,IGA LOCAL GROCER STRATHPINE,QLD,23/5/2025,633.9469804,0,0,0,454.23,0,121.33,0,0,0,55.741,0,0,0,1,0,1,0,0,0,0.645980368
20885,SUPA IGA BLI BLI (WHITE) 993423,QLD,30/5/2025,1033.79,500.36,0,0,908.46,0,121.33,0,0,0,0,1,0,0,2,0,1,0,0,0,0
20885,SUPA IGA BLI BLI (WHITE) 993423,QLD,30/5/2025,66.27611677,0,0,0,0,0,0,0,0,65.07,0,0,0,0,0,0,0,0,0,1.206116775,0
83101,IGA PEREGIAN BEACH (WHITE) 93867,QLD,3/6/2025,591.4848951,500.36,568.53,0,454.23,0,0,0,0,65.07,67.2,1,1,0,1,0,0,0,0,1.206116775,0.778778292
211225,IGA FOREST GLEN (WHITE) 146301,QLD,3/6/2025,380.9148951,500.36,568.53,0,0,0,242.66,0,0,65.07,67.2,1,1,0,0,0,2,0,0,1.206116775,0.778778292
84996,IGA JINDALEE  124210,QLD,4/6/2025,123.33,0,568.53,0,0,0,121.33,0,0,0,0,0,1,0,0,0,1,0,0,0,0
52531,IGA BELLVISTA  93710,QLD,10/6/2025,633.9469804,0,0,0,454.23,0,121.33,0,0,0,55.741,0,0,0,1,0,1,0,0,0,0.645980368
12092,IGA MOOLOOLAH (WHITE) 119964,QLD,12/6/2025,456.23,500.36,0,0,454.23,0,0,0,0,0,0,1,0,0,1,0,0,0,0,0,0
2863,IGA LOCAL GROCER TINGALPA 143434,QLD,19/6/2025,423.4276645,0,0,0,0,0,121.33,229.89,0,68.93,0,0,0,0,0,0,1,1,0,1.277664504,0
12010,IGA FRESH ST MARKET ATHERTON 137093,QLD,19/6/2025,124.33,500.36,568.53,0,0,0,121.33,0,0,0,0,1,1,0,0,0,1,0,0,0,0
192964,SUPA IGA BARINGA (WHITE) 123353,QLD,30/6/2025,690.06,0,0,329.66,0,0,0,0,354.4,0,0,0,0,1,0,0,0,0,5,0,0
18874,IGA SANDSTONE POINT  120240,QLD,3/7/2025,56.38698037,0,0,0,0,0,0,0,0,0,55.741,0,0,0,0,0,0,0,0,0,0.645980368
21103,IGA MT COOLUM (WHITE) 138146,QLD,4/7/2025,2065.34,1000.72,0,329.66,1362.69,0,363.99,0,0,0,0,2,0,1,3,0,3,0,0,0,0
38692,IGA POMONA (ZIPFS)  131843,QLD,8/7/2025,633.9469804,0,0,0,454.23,0,121.33,0,0,0,55.741,0,0,0,1,0,1,0,0,0,0.645980368
48386,IGA WALLOON (MOMAN)  141270,QLD,9/7/2025,123.33,500.36,0,0,0,0,121.33,0,0,0,0,1,0,0,0,0,1,0,0,0,0
1640,FOODLAND MINLATON  842070,SA,16/6/2025,211.619,500.36,568.53,0,0,0,121.33,0,0,0,86.289,1,1,0,0,0,1,0,0,0,1
122167,FOODLAND KAPUNDA 844300,SA,20/6/2025,662.9582122,1000.72,1137.06,0,0,0,242.66,229.89,0,94.37,86.289,2,2,0,0,0,2,1,0,1.749212234,1
9798,IGA KEITH  82226,SA,23/6/2025,1,500.36,0,0,0,0,0,0,0,0,0,1,0,0,0,0,0,0,0,0,0
17395,FOODLAND NARACOORTE (TIM)  82471,SA,23/6/2025,59.38698037,1000.72,568.53,0,0,0,0,0,0,0,55.741,2,1,0,0,0,0,0,0,0,0.645980368
21292,FOODLAND KINGSTON (EUDUNDA FARMERS)  2117,SA,25/6/2025,2,500.36,568.53,0,0,0,0,0,0,0,0,1,1,0,0,0,0,0,0,0,0
237841,FOODLAND FREELING 846710,SA,30/6/2025,2,500.36,568.53,0,0,0,0,0,0,0,0,1,1,0,0,0,0,0,0,0,0
32490,FOODLAND WEST LAKES  1252,SA,1/7/2025,3,1000.72,568.53,0,0,0,0,0,0,0,0,2,1,0,0,0,0,0,0,0,0
53195,FOODLAND HENLEY BEACH (CHAPLEYS)  83565,SA,2/7/2025,664.32,1000.72,568.53,659.32,0,0,0,0,0,0,0,2,1,2,0,0,0,0,0,0,0
5924,FOODLAND NORWOOD (CHAPLEYS)  78406,SA,3/7/2025,1331.64,2501.8,2274.12,1318.64,0,0,0,0,0,0,0,5,4,4,0,0,0,0,0,0,0
21130,FOODLAND PASADENA (CHAPLEYS) 78365,SA,3/7/2025,10977.649,1501.08,2274.12,5933.88,4088.07,106.02,363.99,0,354.4,0,86.289,3,4,18,9,2,3,0,5,0,1
32468,FOODLAND FREWVILLE (CHAPLEYS) 77337,SA,3/7/2025,11422.329,1501.08,1705.59,6593.2,4088.07,106.02,363.99,0,141.76,0,86.289,3,3,20,9,2,3,0,2,0,1
4615,FOODLAND BALAKLAVA  1409,SA,4/7/2025,3,1000.72,568.53,0,0,0,0,0,0,0,0,2,1,0,0,0,0,0,0,0,0
30486,IGA PERTH,TAS,30/6/2025,286.84,500.36,0,0,0,0,0,229.89,0,53.95,0,1,0,0,0,0,0,1,0,1,0
30467,HILL STREET IGA - LONGFORD,TAS,30/6/2025,410.17,500.36,568.53,0,0,0,121.33,229.89,0,53.95,0,1,1,0,0,0,1,1,0,1,0
30581,IGA WESTBURY,TAS,30/6/2025,410.17,500.36,568.53,0,0,0,121.33,229.89,0,53.95,0,1,1,0,0,0,1,1,0,1,0
30387,IGA BEACONSFIELD,TAS,30/6/2025,124.33,500.36,568.53,0,0,0,121.33,0,0,0,0,1,1,0,0,0,1,0,0,0,0
30459,IGA XPRESS BEACONSFIELD,TAS,30/6/2025,1,500.36,0,0,0,0,0,0,0,0,0,1,0,0,0,0,0,0,0,0,0
30736,IGA SUPA PROSPECT,TAS,30/6/2025,179.28,500.36,568.53,0,0,0,121.33,0,0,53.95,0,1,1,0,0,0,1,0,0,1,0
30374,IGA SUPA SHEARWATER,TAS,1/7/2025,123.33,500.36,0,0,0,0,121.33,0,0,0,0,1,0,0,0,0,1,0,0,0,0
30176,IGA SUPA SPREYTON,TAS,1/7/2025,667.17,3502.52,3411.18,0,0,0,485.32,0,0,161.85,0,7,6,0,0,0,4,0,0,3,0
30366,IGA PENGUIN,TAS,1/7/2025,183.9430584,500.36,0,0,0,0,121.33,0,0,59.51,0,1,0,0,0,0,1,0,0,1.103058387,0
30802,IGA BURNIE,TAS,1/7/2025,61.61305839,500.36,0,0,0,0,0,0,0,59.51,0,1,0,0,0,0,0,0,0,1.103058387,0
30834,IGA SOMERSET,TAS,1/7/2025,211.8546061,1000.72,568.53,0,0,0,121.33,0,0,84.95,0,2,1,0,0,0,1,0,0,1.574606117,0
30388,IGA SHEFFIELD,TAS,1/7/2025,1,0,568.53,0,0,0,0,0,0,0,0,0,1,0,0,0,0,0,0,0,0
30658,IGA XPRESS PENGUIN,TAS,1/7/2025,231.89,500.36,0,0,0,0,0,229.89,0,0,0,1,0,0,0,0,0,1,0,0,0
30818,IGA YOUNGTOWN,TAS,1/7/2025,375.90076,500.36,0,0,0,0,0,229.89,0,141.39,0,1,0,0,0,0,0,1,0,2.620759963,0
30365,IGA BICHENO,TAS,2/7/2025,1,500.36,0,0,0,0,0,0,0,0,0,1,0,0,0,0,0,0,0,0,0
30355,IGA TRIABUNNA,TAS,2/7/2025,231.89,500.36,0,0,0,0,0,229.89,0,0,0,1,0,0,0,0,0,1,0,0,0
30262,IGA ORFORD,TAS,2/7/2025,461.78,0,0,0,0,0,0,459.78,0,0,0,0,0,0,0,0,0,2,0,0,0
30538,IGA EVERDAY NUBEENA,TAS,2/7/2025,230.89,0,0,0,0,0,0,229.89,0,0,0,0,0,0,0,0,0,1,0,0,0
30263,IGA ULVERSTONE,TAS,2/7/2025,231.89,500.36,0,0,0,0,0,229.89,0,0,0,1,0,0,0,0,0,1,0,0,0
30286,IGA XPRESS BRANXHOLM,TAS,2/7/2025,231.89,500.36,0,0,0,0,0,229.89,0,0,0,1,0,0,0,0,0,1,0,0,0
30362,IGA DOVER,TAS,2/7/2025,231.89,500.36,0,0,0,0,0,229.89,0,0,0,1,0,0,0,0,0,1,0,0,0
30382,IGA OATLANDS ROXY,TAS,2/7/2025,231.89,500.36,0,0,0,0,0,229.89,0,0,0,1,0,0,0,0,0,1,0,0,0
3019,FOODWORKS EAST DEVONPORT (TAS),TAS,2/7/2025,230.89,0,0,0,0,0,0,229.89,0,0,0,0,0,0,0,0,0,1,0,0,0
30571,IGA LILYDALE (TAS),TAS,2/7/2025,231.89,500.36,0,0,0,0,0,229.89,0,0,0,1,0,0,0,0,0,1,0,0,0
30621,IGA GEORGE TOWN,TAS,2/7/2025,230.89,0,0,0,0,0,0,229.89,0,0,0,0,0,0,0,0,0,1,0,0,0
30781,IGA XPRESS SOUTH RIANA,TAS,2/7/2025,231.89,500.36,0,0,0,0,0,229.89,0,0,0,1,0,0,0,0,0,1,0,0,0
30333,IGA BRIGHTON TAS,TAS,3/7/2025,411.17,1000.72,568.53,0,0,0,121.33,229.89,0,53.95,0,2,1,0,0,0,1,1,0,1,0
30133,IGA RICHMOND,TAS,3/7/2025,62.61305839,500.36,568.53,0,0,0,0,0,0,59.51,0,1,1,0,0,0,0,0,0,1.103058387,0
30346,BAXTERS IGA SNUG,TAS,3/7/2025,415.8330584,500.36,568.53,0,0,0,121.33,229.89,0,59.51,0,1,1,0,0,0,1,1,0,1.103058387,0
30356,BAXTERS IGA SANDY BAY,TAS,3/7/2025,415.8330584,500.36,568.53,0,0,0,121.33,229.89,0,59.51,0,1,1,0,0,0,1,1,0,1.103058387,0
30363,IGA EVERYDAY SWANSEA,TAS,3/7/2025,246.66,500.36,568.53,0,0,0,242.66,0,0,0,0,1,1,0,0,0,2,0,0,0,0
30377,IGA ST HELENS,TAS,3/7/2025,125.33,1000.72,568.53,0,0,0,121.33,0,0,0,0,2,1,0,0,0,1,0,0,0,0
30666,IGA - BAY OF FIRES ST HELENS,TAS,4/7/2025,126.33,1000.72,1137.06,0,0,0,121.33,0,0,0,0,2,2,0,0,0,1,0,0,0,0
14705,IGA MANSFIELD MARKS 378414,VIC,18/6/2025,2225.989,1000.72,1137.06,659.32,908.46,0,121.33,229.89,141.76,64.74,86.289,2,2,2,2,0,1,1,2,1.2,1
15120,SUPA IGA FITZROY NORTH PIEDIMONTE 425728,VIC,19/6/2025,1473.015117,1000.72,1137.06,329.66,454.23,53.01,242.66,229.89,0,65.07,86.289,2,2,1,1,1,2,1,0,1.206116775,1
18232,FOODWORKS INVERLOCH  195420,VIC,20/6/2025,360.750326,1000.72,568.53,0,0,0,0,229.89,0,57.81,67.2,2,1,0,0,0,0,1,0,1.071547729,0.778778292
10890,FOODWORKS BUNINYONG 968180,VIC,23/6/2025,922.2674245,500.36,568.53,0,0,0,121.33,229.89,283.52,188.74,86.289,1,1,0,0,0,1,1,4,3.498424467,1
19071,SUPA IGA GISBORNE (MORGANS)  404509,VIC,30/6/2025,1788.266117,1000.72,1137.06,659.32,454.23,53.01,242.66,229.89,70.88,65.07,0,2,2,2,1,1,2,1,1,1.206116775,0
33085,SUPA IGA DELAHEY (MORGANS)  402602,VIC,30/6/2025,2697.726117,1000.72,568.53,659.32,1362.69,53.01,242.66,229.89,70.88,65.07,0,2,1,2,3,1,2,1,1,1.206116775,0
20428,SUPA IGA SUNBURY (MORGANS)  528356,VIC,30/6/2025,1735.496117,1000.72,568.53,329.66,908.46,0,121.33,229.89,70.88,65.07,0,2,1,1,2,0,1,1,1,1.206116775,0
11599,SUPA IGA MELTON (MORGANS)  401786,VIC,30/6/2025,1735.496117,1000.72,568.53,329.66,908.46,0,121.33,229.89,70.88,65.07,0,2,1,1,2,0,1,1,1,1.206116775,0
52532,SUPA IGA GLENGALA (MORGANS)  403204,VIC,30/6/2025,1070.936117,500.36,568.53,0,454.23,0,242.66,229.89,70.88,65.07,0,1,1,0,1,0,2,1,1,1.206116775,0
83201,FWKS GRANTVILLE,VIC,1/7/2025,246.66,500.36,568.53,0,0,0,242.66,0,0,0,0,1,1,0,0,0,2,0,0,0,0
43953,IGA FERNTREE GULLY (MAXI)  378992,VIC,1/7/2025,123.33,500.36,0,0,0,0,121.33,0,0,0,0,1,0,0,0,0,1,0,0,0,0
7713,FOODWORKS GISBORNE 193177,VIC,2/7/2025,342.5946432,500.36,0,0,0,0,0,229.89,0,108.69,0,1,0,0,0,0,0,1,0,2.014643188,0
33201,SUPA IGA CASTLEMAINE (MAXI)  371005,VIC,4/7/2025,586.3846432,1000.72,1137.06,0,0,106.02,0,229.89,141.76,97.9,0,2,2,0,0,2,0,1,2,1.814643188,0
16039,IGA ORMOND 978395,VIC,8/7/2025,455.23,0,0,0,454.23,0,0,0,0,0,0,0,0,0,1,0,0,0,0,0,0
19825,FOODWORKS MYRTLEFORD (NICK COOK)  771212,VIC,9/7/2025,305.8961168,500.36,568.53,0,0,0,0,0,212.64,86.65,0,1,1,0,0,0,0,0,3,1.606116775,0
244159,IGA M BARANDUDA 975540,VIC,9/7/2025,333.3661168,500.36,0,0,0,0,121.33,0,141.76,65.07,0,1,0,0,0,0,1,0,2,1.206116775,0
40167,IGA COCKATOO 196873,VIC,10/7/2025,578.56,500.36,0,0,454.23,0,121.33,0,0,0,0,1,0,0,1,0,1,0,0,0,0
48274,IGA BALLAJURA MARKET PLACE 197971,WA,8/5/2025,268.09,1000.72,0,0,0,0,121.33,0,141.76,0,0,2,0,0,0,0,1,0,2,0,0
48311,IGA MULLALOO (REBELO)  201910,WA,8/5/2025,390.42,1000.72,0,0,0,0,242.66,0,141.76,0,0,2,0,0,0,0,2,0,2,0,0
48144,IGA CANNINGVALE (ROCK GROUP)  132993,WA,19/5/2025,1,500.36,0,0,0,0,0,0,0,0,0,1,0,0,0,0,0,0,0,0,0
48221,IGA DOUBLEVIEW  196010,WA,19/5/2025,1,500.36,0,0,0,0,0,0,0,0,0,1,0,0,0,0,0,0,0,0,0
48127,IGA WOODVALE 207730,WA,19/5/2025,246.66,1000.72,0,0,0,0,242.66,0,0,0,0,2,0,0,0,0,2,0,0,0,0
48147,IGA QUINNS ROCK (REBELO)  111368,WA,19/5/2025,124.33,1000.72,0,0,0,0,121.33,0,0,0,0,2,0,0,0,0,1,0,0,0,0
48253,SUPA VALU GIRRAWHEEN 211931,WA,26/5/2025,1,0,568.53,0,0,0,0,0,0,0,0,0,1,0,0,0,0,0,0,0,0
49156,IGA SWAN VIEW  134589,WA,22/5/2025,2,500.36,568.53,0,0,0,0,0,0,0,0,1,1,0,0,0,0,0,0,0,0
39754,IGA OSBORNE PARK  202282,WA,22/5/2025,124.33,1000.72,0,0,0,0,121.33,0,0,0,0,2,0,0,0,0,1,0,0,0,0
48976,IGA NORANDA 212652,WA,22/5/2025,123.33,500.36,0,0,0,0,121.33,0,0,0,0,1,0,0,0,0,1,0,0,0,0
48133,IGA HELENA VALLEY  128724,WA,22/5/2025,4,1000.72,1137.06,0,0,0,0,0,0,0,0,2,2,0,0,0,0,0,0,0,0
48212,IGA MOUNT BARKER  112321,WA,26/5/2025,2,500.36,568.53,0,0,0,0,0,0,0,0,1,1,0,0,0,0,0,0,0,0
48379,IGA EXPRESS WAGIN  204439,WA,26/5/2025,1,0,568.53,0,0,0,0,0,0,0,0,0,1,0,0,0,0,0,0,0,0
49850,IGA JOONDALUP CANDLEWOOD 213659,WA,26/5/2025,1,500.36,0,0,0,0,0,0,0,0,0,1,0,0,0,0,0,0,0,0,0
48283,IGA OCEAN REEF BEAUMARIS 105651,WA,26/5/2025,1,500.36,0,0,0,0,0,0,0,0,0,1,0,0,0,0,0,0,0,0,0
83253,IGA AVELEY 213551,WA,27/5/2025,1,500.36,0,0,0,0,0,0,0,0,0,1,0,0,0,0,0,0,0,0,0
48122,IGA DENMARK FINE FOOD MARKET 161160,WA,28/5/2025,40.63305839,500.36,568.53,0,0,0,0,0,0,37.93,0,1,1,0,0,0,0,0,0,0.703058387,0
48327,IGA COTTESLOE  205290,WA,29/5/2025,124.33,1000.72,0,0,0,0,121.33,0,0,0,0,2,0,0,0,0,1,0,0,0,0
2745,IGA NEDLANDS  118885,WA,29/5/2025,123.33,500.36,0,0,0,0,121.33,0,0,0,0,1,0,0,0,0,1,0,0,0,0
48331,IGA MANDURAH 211419,WA,3/6/2025,2,500.36,568.53,0,0,0,0,0,0,0,0,1,1,0,0,0,0,0,0,0,0
83919,IGA SOUTH GUILDFORD  204005,WA,3/6/2025,123.33,500.36,0,0,0,0,121.33,0,0,0,0,1,0,0,0,0,1,0,0,0,0
48316,IGA KINGSLEY (GRANT)  201553,WA,3/6/2025,247.66,1000.72,568.53,0,0,0,242.66,0,0,0,0,2,1,0,0,0,2,0,0,0,0
48285,IGA CRAIGIE (GRANT)  206431,WA,3/6/2025,246.66,1000.72,0,0,0,0,242.66,0,0,0,0,2,0,0,0,0,2,0,0,0,0
48271,IGA EVERFRESH MERRIWA 212601,WA,5/6/2025,1,500.36,0,0,0,0,0,0,0,0,0,1,0,0,0,0,0,0,0,0,0
52411,IGA DARCH 210072,WA,5/6/2025,0,0,0,0,0,0,0,0,0,0,0,0,0,0,0,0,0,0,0,0,0
83288,IGA ILUKA (SINGH) 208698,WA,5/6/2025,379.1530584,1000.72,0,0,0,0,242.66,0,70.88,59.51,0,2,0,0,0,0,2,0,1,1.103058387,0
50473,TUCKER FRESH IGA ATWELL  203203,WA,5/6/2025,1,500.36,0,0,0,0,0,0,0,0,0,1,0,0,0,0,0,0,0,0,0
251705,IGA TUCKER FRESH PIARA WATERS 211737,WA,5/6/2025,2,500.36,568.53,0,0,0,0,0,0,0,0,1,1,0,0,0,0,0,0,0,0
48314,IGA PADBURY (GRANT)  189006,WA,9/6/2025,246.66,1000.72,0,0,0,0,242.66,0,0,0,0,2,0,0,0,0,2,0,0,0,0
71994,FRIENDLY GROCER PEARSALL (GRANT) 211630,WA,9/6/2025,246.66,1000.72,0,0,0,0,242.66,0,0,0,0,2,0,0,0,0,2,0,0,0,0
52119,IGA INNALOO (SINGH)  201928,WA,9/6/2025,124.33,500.36,568.53,0,0,0,121.33,0,0,0,0,1,1,0,0,0,1,0,0,0,0
84742,IGA BALDIVIS  203785,WA,9/6/2025,1,0,568.53,0,0,0,0,0,0,0,0,0,1,0,0,0,0,0,0,0,0
48261,IGA HARVEY  106380,WA,10/6/2025,402.6387783,1000.72,1137.06,329.66,0,0,0,0,0,0,67.2,2,2,1,0,0,0,0,0,0,0.778778292
48123,IGA TUKER FRESH KINROSS (SINGH)  131377,WA,10/6/2025,722.08,1000.72,568.53,329.66,0,0,242.66,0,141.76,0,0,2,1,1,0,0,2,0,2,0,0
3388,SUPA IGA WAROONA  106372,WA,10/6/2025,402.6387783,1000.72,1137.06,329.66,0,0,0,0,0,0,67.2,2,2,1,0,0,0,0,0,0,0.778778292
48242,IGA LOCAL GROCER DALKEITH 209295,WA,12/6/2025,124.33,1000.72,0,0,0,0,121.33,0,0,0,0,2,0,0,0,0,1,0,0,0,0
48120,IGA RIVERTON (GRANT)  209163,WA,13/6/2025,245.66,500.36,0,0,0,0,242.66,0,0,0,0,1,0,0,0,0,2,0,0,0,0
48277,IGA ALL FOODS MARKET BELMONT (GRANT) 209422,WA,13/6/2025,246.66,500.36,568.53,0,0,0,242.66,0,0,0,0,1,1,0,0,0,2,0,0,0,0
48279,IGA LEEMING (GRANT)  135127,WA,13/6/2025,245.66,500.36,0,0,0,0,242.66,0,0,0,0,1,0,0,0,0,2,0,0,0,0
48278,IGA COOLOONGUP (GRANT)  125393,WA,13/6/2025,246.66,500.36,568.53,0,0,0,242.66,0,0,0,0,1,1,0,0,0,2,0,0,0,0
48145,IGA OCONNOR FRESH (KALG) 126462,WA,13/6/2025,245.66,500.36,0,0,0,0,242.66,0,0,0,0,1,0,0,0,0,2,0,0,0,0
48332,IGA TUCKER FRESH ROSSMOYNE (SINGH)  204900,WA,18/6/2025,125.33,1000.72,568.53,0,0,0,121.33,0,0,0,0,2,1,0,0,0,1,0,0,0,0
85074,IGA TUCKER FRESH CANNINGVALE NICHOLSON RD 211214,WA,18/6/2025,124.33,1000.72,0,0,0,0,121.33,0,0,0,0,2,0,0,0,0,1,0,0,0,0
176978,IGA TUCKER FRESH TREEBY 211761,WA,18/6/2025,124.33,500.36,568.53,0,0,0,121.33,0,0,0,0,1,1,0,0,0,1,0,0,0,0
83459,IGA CURTIN UNIVERSITY 210455,WA,20/6/2025,65.54460612,500.36,0,0,0,0,0,0,0,63.37,0,1,0,0,0,0,0,0,0,1.174606117,0
99928,FOODWORKS BUTLER (FARMER JACKS) 212830,WA,27/6/2025,463.3,1501.08,0,0,0,0,242.66,0,212.64,0,0,3,0,0,0,0,2,0,3,0,0
83550,FOODWORKS CURRAMBINE (FARMER JACKS)  203416,WA,3/7/2025,338.97,500.36,0,0,0,0,121.33,0,212.64,0,0,1,0,0,0,0,1,0,3,0,0
176566,FOODWORKS ASHBY (FARMER JACKS) 206792,WA,25/6/2025,792.96,1000.72,0,329.66,0,0,242.66,0,212.64,0,0,2,0,1,0,0,2,0,3,0,0
48130,IGA ROCKINGHAM 207608,WA,26/6/2025,137.4246061,500.36,0,0,0,0,0,0,70.88,63.37,0,1,0,0,0,0,0,0,1,1.174606117,0
50928,FOODWORKS SUBIACO (FARMER JACKS)  122459,WA,26/6/2025,463.3,1501.08,0,0,0,0,242.66,0,212.64,0,0,3,0,0,0,0,2,0,3,0,0
48092,FOODWORKS LANDSDALE (FARMER JACKS)  201367,WA,26/6/2025,792.96,1000.72,0,329.66,0,0,242.66,0,212.64,0,0,2,0,1,0,0,2,0,3,0,0
50553,FOODWORKS WOODLANDS (FARMER JACKS)  118664,WA,27/6/2025,793.96,1501.08,0,329.66,0,0,242.66,0,212.64,0,0,3,0,1,0,0,2,0,3,0,0
48117,FOODWORKS GWELUP (FARMER JACKS)  204315,WA,30/6/2025,463.3,1501.08,0,0,0,0,242.66,0,212.64,0,0,3,0,0,0,0,2,0,3,0,0
49967,IGA CRAWLEY BROADWAY 122386,WA,30/6/2025,124.33,1000.72,0,0,0,0,121.33,0,0,0,0,2,0,0,0,0,1,0,0,0,0
48077,IGA BEECHBORO 209597,WA,30/6/2025,1,0,568.53,0,0,0,0,0,0,0,0,0,1,0,0,0,0,0,0,0,0
84769,FOODWORKS COMO (FARMER JACKS) 210757,WA,1/7/2025,338.97,500.36,0,0,0,0,121.33,0,212.64,0,0,1,0,0,0,0,1,0,3,0,0
48131,IGA DUNCRAIG CARINE 196665,WA,3/7/2025,247.66,1000.72,568.53,0,0,0,242.66,0,0,0,0,2,1,0,0,0,2,0,0,0,0
48128,FOODWORKS NORTH BEACH (FARMER JACKS)  200468,WA,3/7/2025,339.97,1000.72,0,0,0,0,121.33,0,212.64,0,0,2,0,0,0,0,1,0,3,0,0
10446,IGA GOOD GROCER LEEDERVILLE 210650,WA,8/7/2025,246.66,1000.72,0,0,0,0,242.66,0,0,0,0,2,0,0,0,0,2,0,0,0,0
83444,GOOD GROCER SECOND AVE (BRINDLE) 210935,WA,8/7/2025,246.66,1000.72,0,0,0,0,242.66,0,0,0,0,2,0,0,0,0,2,0,0,0,0
48098,GOOD GROCER MOUNT PLEASANT (BRINDLE) 210382,WA,8/7/2025,0,0,0,0,0,0,0,0,0,0,0,0,0,0,0,0,0,0,0,0,0
50827,FOODWORKS CLAREMONT (FARMER JACKS)  136174,WA,9/7/2025,462.3,1000.72,0,0,0,0,242.66,0,212.64,0,0,2,0,0,0,0,2,0,3,0,0
48084,GOOD GROCER WEMBLEY (BRINDLE)  202274,WA,9/7/2025,246.66,1000.72,0,0,0,0,242.66,0,0,0,0,2,0,0,0,0,2,0,0,0,0
48235,GOOD GROCER BOULEVARD (BRINDLE) 210994,WA,10/7/2025,246.66,1000.72,0,0,0,0,242.66,0,0,0,0,2,0,0,0,0,2,0,0,0,0
5354,GOOD GROCER SHENTON PARK (BRINDLE)  204013,WA,10/7/2025,123.33,500.36,0,0,0,0,121.33,0,0,0,0,1,0,0,0,0,1,0,0,0,0
48098,GOOD GROCER MOUNT PLEASANT (BRINDLE) 210382,WA,8/7/2025,123.33,500.36,0,0,0,0,121.33,0,0,0,0,1,0,0,0,0,1,0,0,0,0
48113,GOOD GROCER MYAREE (BRINDLE) 206890,WA,10/7/2025,123.33,500.36,0,0,0,0,121.33,0,0,0,0,1,0,0,0,0,1,0,0,0,0
299059,GOOD GROCER APPLECROSS ARDROSS ST (BRINDLE) 207098,WA,10/7/2025,123.33,500.36,0,0,0,0,121.33,0,0,0,0,1,0,0,0,0,1,0,0,0,0
84262,IGA M KARRATHA GOOD GROCER 209155,WA,10/7/2025,1,500.36,0,0,0,0,0,0,0,0,0,1,0,0,0,0,0,0,0,0,0
40655,IGA L BLAXLAND KARELLAS,NSW,0,1586.060039,1000.72,568.53,659.32,454.23,0,242.66,0,70.88,91.88,55.741,2,1,2,1,0,2,0,1,1.703058387,0.645980368
102237,IGA L HAROLD PARK,NSW,0,1514.180039,1000.72,568.53,659.32,454.23,0,242.66,0,0,91.88,55.741,2,1,2,1,0,2,0,0,1.703058387,0.645980368
10391,IGA M CREMORNE,NSW,0,1512.180039,500.36,0,659.32,454.23,0,242.66,0,0,91.88,55.741,1,0,2,1,0,2,0,0,1.703058387,0.645980368
183120,IGA M FRESHWATER (SUPERMART),NSW,0,1479.210039,500.36,0,659.32,454.23,0,242.66,0,0,59.51,55.741,1,0,2,1,0,2,0,0,1.103058387,0.645980368
21544,IGA M LINDFIELD (SUPAMART IGA LINDFIELD),NSW,0,1513.180039,1000.72,0,659.32,454.23,0,242.66,0,0,91.88,55.741,2,0,2,1,0,2,0,0,1.703058387,0.645980368
22373,IGA M PENNANT HILLS,NSW,0,1584.060039,500.36,0,659.32,454.23,0,242.66,0,70.88,91.88,55.741,1,0,2,1,0,2,0,1,1.703058387,0.645980368
15426,IGA M ROSE BAY,NSW,0,1023.980039,500.36,0,659.32,0,0,242.66,0,0,59.51,55.741,1,0,2,0,0,2,0,0,1.103058387,0.645980368
18052,IGA L LLOYDS SOUTH HURSTVILLE,NSW,0,1220.912447,1501.08,0,0,908.46,171.72,0,0,70.88,59.51,0,3,0,0,2,3.239388795,0,0,1,1.103058387,0
6252,IGA L LLOYDS SPRINGWOOD,NSW,0,1451.802447,1501.08,0,0,908.46,171.72,0,229.89,70.88,59.51,0,3,0,0,2,3.239388795,0,1,1,1.103058387,0
745,IGA M LLOYDS NORTH CRONULLA,NSW,0,1451.802447,1501.08,0,0,908.46,171.72,0,229.89,70.88,59.51,0,3,0,0,2,3.239388795,0,1,1,1.103058387,0
8863,IGA M NEWTOWN,NSW,0,0,0,0,0,0,0,0,0,0,0,0,0,0,0,0,0,0,0,0,0,0
8645,IGA M PANANIA,NSW,0,1451.802447,1501.08,0,0,908.46,171.72,0,229.89,70.88,59.51,0,3,0,0,2,3.239388795,0,1,1,1.103058387,0
20010,FOODWORKS CANOWINDRA,NSW,0,650.44,500.36,0,0,454.23,0,121.33,0,70.88,0,0,1,0,0,1,0,1,0,1,0,0
7696,FOODWORKS CONDOBOLIN,NSW,0,497.98,500.36,0,0,0,0,121.33,229.89,141.76,0,0,1,0,0,0,0,1,1,2,0,0
16146,FWKS LAKE CARGELLIGO,NSW,0,1,0,568.53,0,0,0,0,0,0,0,0,0,1,0,0,0,0,0,0,0,0
53354,IGA L YASS,NSW,0,1113.22,500.36,568.53,0,454.23,0,121.33,459.78,70.88,0,0,1,1,0,1,0,1,2,1,0,0
17286,IGA M COONAMBLE,NSW,0,820.6130584,500.36,568.53,0,454.23,0,0,229.89,70.88,59.51,0,1,1,0,1,0,0,1,1,1.103058387,0
4283,IGA M HILLSTON,NSW,0,494.8018367,500.36,568.53,0,0,0,121.33,229.89,0,70.3,67.2,1,1,0,0,0,1,1,0,1.303058387,0.778778292
10164,IGA M LAKE CARGELLIGO,NSW,0,954.21,500.36,568.53,0,454.23,0,121.33,229.89,141.76,0,0,1,1,0,1,0,1,1,2,0,0
9360,IGA M NARRANDERA,NSW,0,759.7230584,500.36,568.53,0,454.23,0,0,229.89,0,70.3,0,1,1,0,1,0,0,1,0,1.303058387,0
21216,IGA M TREGEAR,NSW,0,954.21,500.36,568.53,0,454.23,0,121.33,229.89,141.76,0,0,1,1,0,1,0,1,1,2,0,0
12653,IGA M WALGETT,NSW,0,457.23,500.36,568.53,0,454.23,0,0,0,0,0,0,1,1,0,1,0,0,0,0,0,0
210855,IGA M WEST WYALONG,NSW,0,723.32,500.36,568.53,0,454.23,0,121.33,0,141.76,0,0,1,1,0,1,0,1,0,2,0,0
41299,IGA L PERIES KINGAROY,QLD,0,853.8293888,500.36,0,329.66,454.23,65.7,0,0,0,0,0,1,0,1,1,1.239388795,0,0,0,0,0
17115,IGA L PERIES NANANGO,QLD,0,791.89,1501.08,1705.59,329.66,454.23,0,0,0,0,0,0,3,3,1,1,0,0,0,0,0,0
21718,IGA L PROSERPINE,QLD,0,457.23,500.36,568.53,0,454.23,0,0,0,0,0,0,1,1,0,1,0,0,0,0,0,0
13500,IGA M KILCOY (PERIES),QLD,0,336.66,1501.08,1705.59,329.66,0,0,0,0,0,0,0,3,3,1,0,0,0,0,0,0,0
39150,IGA M PERIES WOODFORD,QLD,0,789.89,1000.72,1137.06,329.66,454.23,0,0,0,0,0,0,2,2,1,1,0,0,0,0,0,0
278,IGA M YARRAMAN,QLD,0,459.23,1000.72,1137.06,0,454.23,0,0,0,0,0,0,2,2,0,1,0,0,0,0,0,0
451,IGA L MANOORA PERIES,QLD,0,1058.22,1000.72,1137.06,0,908.46,0,0,0,141.76,0,0,2,2,0,2,0,0,0,2,0,0
33160,IGA L GATTON (SPANO),QLD,0,0,0,0,0,0,0,0,0,0,0,0,0,0,0,0,0,0,0,0,0,0
33043,IGA L STANTHORPE (SPANO),QLD,0,0,0,0,0,0,0,0,0,0,0,0,0,0,0,0,0,0,0,0,0,0
46008,IGA L WARWICK (SPANO),QLD,0,0,0,0,0,0,0,0,0,0,0,0,0,0,0,0,0,0,0,0,0,0
20980,IGA M MERMAID WATERS,QLD,0,0,0,0,0,0,0,0,0,0,0,0,0,0,0,0,0,0,0,0,0,0
20612,IGA M NERANG,QLD,0,0,0,0,0,0,0,0,0,0,0,0,0,0,0,0,0,0,0,0,0,0
123090,IGA M SPANOS ROBINA (EASY T),QLD,0,0,0,0,0,0,0,0,0,0,0,0,0,0,0,0,0,0,0,0,0,0
20885,IGA M BLI BLI (WHITES),QLD,0,54.84329561,0,0,0,0,0,0,0,0,0,54.215,0,0,0,0,0,0,0,0,0,0.628295611
21103,IGA M MT COOLUM (WHITES),QLD,0,60.61305839,0,0,0,0,0,0,0,0,59.51,0,0,0,0,0,0,0,0,0,1.103058387,0
51912,IGA  M EAST FREMANTLE,WA,0,183.9430584,500.36,0,0,0,0,121.33,0,0,59.51,0,1,0,0,0,0,1,0,0,1.103058387,0
48124,IGA M DUNCRAIG FRESH,WA,0,217.6814458,0,0,0,0,0,0,0,0,213.72,0,0,0,0,0,0,0,0,0,3.961445783,0
221008,IGA M FOODIES MARKET CLAREMONT,WA,0,217.6814458,0,0,0,0,0,0,0,0,213.72,0,0,0,0,0,0,0,0,0,3.961445783,0
48112,IGA M LYNWOOD,WA,0,217.6814458,0,0,0,0,0,0,0,0,213.72,0,0,0,0,0,0,0,0,0,3.961445783,0
48125,IGA M MARMION,WA,0,217.6814458,0,0,0,0,0,0,0,0,213.72,0,0,0,0,0,0,0,0,0,3.961445783,0
50771,IGA M THE DOWNS,WA,0,217.6814458,0,0,0,0,0,0,0,0,213.72,0,0,0,0,0,0,0,0,0,3.961445783,0
53160,IGA M THE PARK HIVE,WA,0,217.6814458,0,0,0,0,0,0,0,0,213.72,0,0,0,0,0,0,0,0,0,3.961445783,0
48096,IGA L MIDLAND,WA,0,145.76,500.36,568.53,0,0,0,0,0,141.76,0,0,1,1,0,0,0,0,0,2,0,0
39750,IGA M HUNTINGDALE,WA,0,145.76,0,1137.06,0,0,0,0,0,141.76,0,0,0,2,0,0,0,0,0,2,0,0
181627,LAKESIDE FRESH M IGA,WA,0,145.76,500.36,568.53,0,0,0,0,0,141.76,0,0,1,1,0,0,0,0,0,2,0,0
48329,WITTENOOM RD M IGA,WA,0,145.76,500.36,568.53,0,0,0,0,0,141.76,0,0,1,1,0,0,0,0,0,2,0,0
48148,FARMER JACKS PORT KENNEDY,WA,0,338.97,500.36,0,0,0,0,121.33,0,212.64,0,0,1,0,0,0,0,1,0,3,0,0
180238,IGA FOODIES MARKET ALKIMOS,WA,0,217.6814458,0,0,0,0,0,0,0,0,213.72,0,0,0,0,0,0,0,0,0,3.961445783,0
251695,IGA FOODIES LANGLEY,WA,0,217.6814458,0,0,0,0,0,0,0,0,213.72,0,0,0,0,0,0,0,0,0,3.961445783,0
276496,FRESH& SAVE ARMIDALE,QLD,0,1633.863888,0,0,0,908.46,710.01,0,0,0,0,0,0,0,0,2,13.39388795,0,0,0,0,0
13529,FRESH& SAVE BEERWAH,QLD,0,1633.863888,0,0,0,908.46,710.01,0,0,0,0,0,0,0,0,2,13.39388795,0,0,0,0,0
33149,FRESH& SAVE DEAGON,QLD,0,977.8157216,0,0,0,454.23,512.91,0,0,0,0,0,0,0,0,1,9.675721562,0,0,0,0,0
53421,FRESH& SAVE EAGLEBY,QLD,0,977.8157216,0,0,0,454.23,512.91,0,0,0,0,0,0,0,0,1,9.675721562,0,0,0,0,0
287587,FRESH& SAVE GRAFTON,QLD,0,1633.863888,0,0,0,908.46,710.01,0,0,0,0,0,0,0,0,2,13.39388795,0,0,0,0,0
237297,FRESH& SAVE HERVEY BAY,QLD,0,1633.863888,0,0,0,908.46,710.01,0,0,0,0,0,0,0,0,2,13.39388795,0,0,0,0,0
47846,FRESH& SAVE MARYBROUGH,QLD,0,1633.863888,0,0,0,908.46,710.01,0,0,0,0,0,0,0,0,2,13.39388795,0,0,0,0,0
48369,FRESH& SAVE MORAYFIELD,QLD,0,1633.863888,0,0,0,908.46,710.01,0,0,0,0,0,0,0,0,2,13.39388795,0,0,0,0,0
187529,FRESH& SAVE RICHLANDS,QLD,0,1633.863888,0,0,0,908.46,710.01,0,0,0,0,0,0,0,0,2,13.39388795,0,0,0,0,0
43934,FLAND IGA SAINTS ROAD,SA,0,1945.923894,1501.08,1705.59,988.98,0,237.42,242.66,229.89,0,140.6,86.289,3,3,3,0,4.478777589,2,1,0,2.606116775,1
14270,MUNNO PARA FOODLAND IGA,SA,0,2225.626442,3002.16,2274.12,988.98,0,237.42,363.99,229.89,70.88,306.31,0,6,4,3,0,4.478777589,3,1,1,5.677664504,0
21181,IGA L BACCHUS MARSH (CHAMPIONS),VIC,0,979.5830584,1000.72,0,659.32,0,0,242.66,0,0,70.3,0,2,0,2,0,0,2,0,0,1.303058387,0
44761,IGA L CHAMPIONS GROVEDALE EAST,VIC,0,979.5830584,1000.72,0,659.32,0,0,242.66,0,0,70.3,0,2,0,2,0,0,2,0,0,1.303058387,0
6995,IGA L CHAMPIONS HEATHCOTE,VIC,0,979.5830584,1000.72,0,659.32,0,0,242.66,0,0,70.3,0,2,0,2,0,0,2,0,0,1.303058387,0
21650,IGA L CHAMPIONS KANGAROO FLAT,VIC,0,979.5830584,1000.72,0,659.32,0,0,242.66,0,0,70.3,0,2,0,2,0,0,2,0,0,1.303058387,0
11537,IGA L CHAMPIONS LONG GULLY,VIC,0,979.5830584,1000.72,0,659.32,0,0,242.66,0,0,70.3,0,2,0,2,0,0,2,0,0,1.303058387,0
8872,IGA L CHAMPIONS NAGAMBIE PLUS LIQUOR,VIC,0,979.5830584,1000.72,0,659.32,0,0,242.66,0,0,70.3,0,2,0,2,0,0,2,0,0,1.303058387,0
39268,IGA L CHAMPIONS WHITTLESEA,VIC,0,979.5830584,1000.72,0,659.32,0,0,242.66,0,0,70.3,0,2,0,2,0,0,2,0,0,1.303058387,0
33283,IGA L STRATHFIELDSAYE CHAMPIONS,VIC,0,979.5830584,1000.72,0,659.32,0,0,242.66,0,0,70.3,0,2,0,2,0,0,2,0,0,1.303058387,0
41455,IGA M CHAMPIONS INGLEWOOD,VIC,0,979.5830584,1000.72,0,659.32,0,0,242.66,0,0,70.3,0,2,0,2,0,0,2,0,0,1.303058387,0
40676,IGA M GROVEDALE CENTRAL,VIC,0,979.5830584,1000.72,0,659.32,0,0,242.66,0,0,70.3,0,2,0,2,0,0,2,0,0,1.303058387,0
183194,IGA MADDINGLEY (CHAMPIONS),VIC,0,979.5830584,1000.72,0,659.32,0,0,242.66,0,0,70.3,0,2,0,2,0,0,2,0,0,1.303058387,0
19988,IGA L EAGLEHAWK FAIRLEYS,VIC,0,979.5830584,1000.72,0,659.32,0,0,242.66,0,0,70.3,0,2,0,2,0,0,2,0,0,1.303058387,0
19825,FOODWORKS MYRTLEFORD,VIC,0,122.33,0,0,0,0,0,121.33,0,0,0,0,0,0,0,0,0,1,0,0,0,0
41283,BENALLA GROCER (FWKS),VIC,0,455.23,0,0,0,454.23,0,0,0,0,0,0,0,0,0,1,0,0,0,0,0,0
2331,BRIGHTON GROCER,VIC,0,786.89,500.36,0,329.66,454.23,0,0,0,0,0,0,1,0,1,1,0,0,0,0,0,0
32657,EILDON GROCER,VIC,0,579.56,500.36,568.53,0,454.23,0,121.33,0,0,0,0,1,1,0,1,0,1,0,0,0,0
12006,FOODWORKS APOLLO BAY,VIC,0,1548.393058,500.36,568.53,329.66,908.46,0,242.66,0,0,59.51,0,1,1,1,2,0,2,0,0,1.103058387,0
8930,FOODWORKS EAST IVANHOE,VIC,0,909.22,500.36,0,329.66,454.23,0,121.33,0,0,0,0,1,0,1,1,0,1,0,0,0,0
15270,FOODWORKS GRIFFITH,VIC,0,579.56,500.36,568.53,0,454.23,0,121.33,0,0,0,0,1,1,0,1,0,1,0,0,0,0
831,FOODWORKS PLUS LIQUOR ALEXANDRA REDDROPS,VIC,0,1548.393058,500.36,568.53,329.66,908.46,0,242.66,0,0,59.51,0,1,1,1,2,0,2,0,0,1.103058387,0
3494,FOODWORKS PLUS LIQUOR MANSFIELD (VIC),VIC,0,1548.393058,500.36,568.53,329.66,908.46,0,242.66,0,0,59.51,0,1,1,1,2,0,2,0,0,1.103058387,0
2271,FOODWORKS REDDROPS YEA,VIC,0,762.5030584,500.36,568.53,0,454.23,0,242.66,0,0,59.51,0,1,1,0,1,0,2,0,0,1.103058387,0
5637,FWKS DRIVER GRIFFITH,VIC,0,2,500.36,568.53,0,0,0,0,0,0,0,0,1,1,0,0,0,0,0,0,0,0
126818,FWKS ESTELLA,VIC,0,909.22,500.36,0,329.66,454.23,0,121.33,0,0,0,0,1,0,1,1,0,1,0,0,0,0
13900,FWKS TURVEY PARK,VIC,0,640.1730584,500.36,568.53,0,454.23,0,121.33,0,0,59.51,0,1,1,0,1,0,1,0,0,1.103058387,0
32581,IGA L WERRIBEE,VIC,0,124.33,500.36,568.53,0,0,0,121.33,0,0,0,0,1,1,0,0,0,1,0,0,0,0
3200,NORTH BRIGHTON GROCER (FWKS),VIC,0,578.56,500.36,0,0,454.23,0,121.33,0,0,0,0,1,0,0,1,0,1,0,0,0,0
30434,IGA Blackman Bay,VIC,0,124.33,500.36,568.53,0,0,0,121.33,0,0,0,0,1,1,0,0,0,1,0,0,0,0
30176,IGA Spreyton,VIC,0,313.7191752,0,0,0,0,0,0,0,0,308.01,0,0,0,0,0,0,0,0,0,5.709175162,0
53307,IGA Champions St Leonards,VIC,0,979.5830584,1000.72,0,659.32,0,0,242.66,0,0,70.3,0,2,0,2,0,0,2,0,0,1.303058387,0
19435,IGA L SUMMER HILL (ROMEO),NSW,0,332.66,500.36,568.53,329.66,0,0,0,0,0,0,0,1,1,1,0,0,0,0,0,0,0
82212,IGA M LOCALI BY ROMEO'S - GEORGE STREET,NSW,0,2,500.36,568.53,0,0,0,0,0,0,0,0,1,1,0,0,0,0,0,0,0,0
241463,IGA M LOCALI BY ROMEOS - WYNYARD,NSW,0,2,500.36,568.53,0,0,0,0,0,0,0,0,1,1,0,0,0,0,0,0,0,0
127823,IGA Martin Plaza,NSW,0,2,500.36,568.53,0,0,0,0,0,0,0,0,1,1,0,0,0,0,0,0,0,0
18681,IGA M MORTDALE,NSW,0,332.66,500.36,568.53,329.66,0,0,0,0,0,0,0,1,1,1,0,0,0,0,0,0,0
21283,IGA M NORTH SYDNEY PLUS LIQUOR,NSW,0,2,500.36,568.53,0,0,0,0,0,0,0,0,1,1,0,0,0,0,0,0,0,0
7126,IGA DARLINGHURST (ROMEO),NSW,0,2,500.36,568.53,0,0,0,0,0,0,0,0,1,1,0,0,0,0,0,0,0,0
184236,IGA M PADDINGTON FOODHALL (ROMEO),NSW,0,2,500.36,568.53,0,0,0,0,0,0,0,0,1,1,0,0,0,0,0,0,0,0
211128,IGA M ROMEO'S FOODHALL SOUTH EVELEIGH,NSW,0,332.66,500.36,568.53,329.66,0,0,0,0,0,0,0,1,1,1,0,0,0,0,0,0,0
82269,IGA M ROMEO'S FOODHALL ST LEONARDS,NSW,0,2,500.36,568.53,0,0,0,0,0,0,0,0,1,1,0,0,0,0,0,0,0,0
14859,IGA ROMEOS FOODHALL BONDI,NSW,0,332.66,500.36,568.53,329.66,0,0,0,0,0,0,0,1,1,1,0,0,0,0,0,0,0
19366,SUPA VALU ROMEOS DOONSIDE,NSW,0,2,500.36,568.53,0,0,0,0,0,0,0,0,1,1,0,0,0,0,0,0,0,0
81336,DRAKES PROSERPINE,QLD,0,332.66,1000.72,0,329.66,0,0,0,0,0,0,0,2,0,1,0,0,0,0,0,0,0
208663,DRAKES PUMICESTONE,QLD,0,332.66,1000.72,0,329.66,0,0,0,0,0,0,0,2,0,1,0,0,0,0,0,0,0
20748,DRAKES  NERANG ROAD ASHMORE,QLD,0,332.66,1000.72,0,329.66,0,0,0,0,0,0,0,2,0,1,0,0,0,0,0,0,0
85060,DRAKES BILOELA,QLD,0,332.66,1000.72,0,329.66,0,0,0,0,0,0,0,2,0,1,0,0,0,0,0,0,0
38733,DRAKES CALLIOPE,QLD,0,332.66,1000.72,0,329.66,0,0,0,0,0,0,0,2,0,1,0,0,0,0,0,0,0
13873,DRAKES CHINCHILLA,QLD,0,332.66,1000.72,0,329.66,0,0,0,0,0,0,0,2,0,1,0,0,0,0,0,0,0
53194,DRAKES EMU PARK,QLD,0,332.66,1000.72,0,329.66,0,0,0,0,0,0,0,2,0,1,0,0,0,0,0,0,0
10047,DRAKES GLENMORE ROCKHAMPTON,QLD,0,332.66,1000.72,0,329.66,0,0,0,0,0,0,0,2,0,1,0,0,0,0,0,0,0
32565,DRAKES GYMPIE,QLD,0,332.66,1000.72,0,329.66,0,0,0,0,0,0,0,2,0,1,0,0,0,0,0,0,0
43493,DRAKES LOWOOD,QLD,0,332.66,1000.72,0,329.66,0,0,0,0,0,0,0,2,0,1,0,0,0,0,0,0,0
21236,DRAKES MCDOWALL,QLD,0,331.66,500.36,0,329.66,0,0,0,0,0,0,0,1,0,1,0,0,0,0,0,0,0
14977,DRAKES MUNDUBBERA,QLD,0,331.66,500.36,0,329.66,0,0,0,0,0,0,0,1,0,1,0,0,0,0,0,0,0
52395,DRAKES NORTH LAKES,QLD,0,331.66,500.36,0,329.66,0,0,0,0,0,0,0,1,0,1,0,0,0,0,0,0,0
21821,DRAKES PARKINSON,QLD,0,331.66,500.36,0,329.66,0,0,0,0,0,0,0,1,0,1,0,0,0,0,0,0,0
18813,DRAKES REGENTS PARK,QLD,0,331.66,500.36,0,329.66,0,0,0,0,0,0,0,1,0,1,0,0,0,0,0,0,0
14782,DRAKES ROCHEDALE,QLD,0,331.66,500.36,0,329.66,0,0,0,0,0,0,0,1,0,1,0,0,0,0,0,0,0
13861,DRAKES ROSEWOOD,QLD,0,331.66,500.36,0,329.66,0,0,0,0,0,0,0,1,0,1,0,0,0,0,0,0,0
21690,DRAKES SAMFORD,QLD,0,331.66,500.36,0,329.66,0,0,0,0,0,0,0,1,0,1,0,0,0,0,0,0,0
38705,DRAKES SUN VALLEY GLADSTONE,QLD,0,331.66,500.36,0,329.66,0,0,0,0,0,0,0,1,0,1,0,0,0,0,0,0,0
20787,DRAKES TOOWOOMBA HIGH ST,QLD,0,331.66,500.36,0,329.66,0,0,0,0,0,0,0,1,0,1,0,0,0,0,0,0,0
104152,ATHELSTONE FOODLAND IGA,SA,0,2,500.36,568.53,0,0,0,0,0,0,0,0,1,1,0,0,0,0,0,0,0,0
6029,CROYDON FOODLAND IGA,SA,0,332.66,500.36,568.53,329.66,0,0,0,0,0,0,0,1,1,1,0,0,0,0,0,0,0
52523,DAW PARK FOODLAND,SA,0,332.66,500.36,568.53,329.66,0,0,0,0,0,0,0,1,1,1,0,0,0,0,0,0,0
12914,ERINDALE FOODLAND IGA,SA,0,2,500.36,568.53,0,0,0,0,0,0,0,0,1,1,0,0,0,0,0,0,0,0
43163,FAIRVIEW PARK FOODLAND,SA,0,333.66,1000.72,568.53,329.66,0,0,0,0,0,0,0,2,1,1,0,0,0,0,0,0,0
81736,FLAND IGA KILKENNY,SA,0,332.66,500.36,568.53,329.66,0,0,0,0,0,0,0,1,1,1,0,0,0,0,0,0,0
43170,FLAND IGA ROMEO CAMPBELLTOWN,SA,0,2,500.36,568.53,0,0,0,0,0,0,0,0,1,1,0,0,0,0,0,0,0,0
195174,FLAND IGA RUNDLE MALL,SA,0,332.66,500.36,568.53,329.66,0,0,0,0,0,0,0,1,1,1,0,0,0,0,0,0,0
5245,FLAND ROYAL PARK,SA,0,333.66,1000.72,568.53,329.66,0,0,0,0,0,0,0,2,1,1,0,0,0,0,0,0,0
46569,FOODLAND IGA ALDGATE,SA,0,2,500.36,568.53,0,0,0,0,0,0,0,0,1,1,0,0,0,0,0,0,0,0
699,GLENELG SOUTH FOODLAND IGA,SA,0,332.66,500.36,568.53,329.66,0,0,0,0,0,0,0,1,1,1,0,0,0,0,0,0,0
46120,GREENWITH FOODLAND,SA,0,2,500.36,568.53,0,0,0,0,0,0,0,0,1,1,0,0,0,0,0,0,0,0
15263,LOCKLEYS FOODLAND IGA,SA,0,2,500.36,568.53,0,0,0,0,0,0,0,0,1,1,0,0,0,0,0,0,0,0
15780,MAGILL FOODLAND IGA,SA,0,332.66,500.36,568.53,329.66,0,0,0,0,0,0,0,1,1,1,0,0,0,0,0,0,0
43142,MARION FOODLAND IGA,SA,0,2,500.36,568.53,0,0,0,0,0,0,0,0,1,1,0,0,0,0,0,0,0,0
2511,MCLAREN VALE FOODLAND,SA,0,332.66,500.36,568.53,329.66,0,0,0,0,0,0,0,1,1,1,0,0,0,0,0,0,0
33310,MITCHAM FOODLAND IGA,SA,0,333.66,1000.72,568.53,329.66,0,0,0,0,0,0,0,2,1,1,0,0,0,0,0,0,0
16717,NORMANVILLE FOODLAND IGA,SA,0,3,1000.72,568.53,0,0,0,0,0,0,0,0,2,1,0,0,0,0,0,0,0,0
43168,NORTH ADELAIDE FOODLAND IGA,SA,0,332.66,500.36,568.53,329.66,0,0,0,0,0,0,0,1,1,1,0,0,0,0,0,0,0
43164,OLD REYNELLA FOODLAND IGA,SA,0,2,500.36,568.53,0,0,0,0,0,0,0,0,1,1,0,0,0,0,0,0,0,0
3984,ROSEWATER FOODLAND IGA,SA,0,2,500.36,568.53,0,0,0,0,0,0,0,0,1,1,0,0,0,0,0,0,0,0
43160,ROSTREVOR FOODLAND IGA,SA,0,332.66,500.36,568.53,329.66,0,0,0,0,0,0,0,1,1,1,0,0,0,0,0,0,0
43934,SALISBURY EAST FOODLAND,SA,0,332.66,500.36,568.53,329.66,0,0,0,0,0,0,0,1,1,1,0,0,0,0,0,0,0
52616,STIRLING FOODLAND IGA,SA,0,333.66,1000.72,568.53,329.66,0,0,0,0,0,0,0,2,1,1,0,0,0,0,0,0,0
850730,Foodland Brighton,SA,0,334.66,1501.08,568.53,329.66,0,0,0,0,0,0,0,3,1,1,0,0,0,0,0,0,0
66,Aberfoyle Park,SA,0,332.66,1000.72,0,329.66,0,0,0,0,0,0,0,2,0,1,0,0,0,0,0,0,0
15,Aldinga,SA,0,332.66,1000.72,0,329.66,0,0,0,0,0,0,0,2,0,1,0,0,0,0,0,0,0
61,Allenby Gardens,SA,0,332.66,1000.72,0,329.66,0,0,0,0,0,0,0,2,0,1,0,0,0,0,0,0,0
73,Angle Vale,SA,0,332.66,1000.72,0,329.66,0,0,0,0,0,0,0,2,0,1,0,0,0,0,0,0,0
43,Ardrossan,SA,0,332.66,1000.72,0,329.66,0,0,0,0,0,0,0,2,0,1,0,0,0,0,0,0,0
68,Ascot Park,SA,0,332.66,1000.72,0,329.66,0,0,0,0,0,0,0,2,0,1,0,0,0,0,0,0,0
142,Aston Hills,SA,0,332.66,1000.72,0,329.66,0,0,0,0,0,0,0,2,0,1,0,0,0,0,0,0,0
17,Blackwood,SA,0,332.66,1000.72,0,329.66,0,0,0,0,0,0,0,2,0,1,0,0,0,0,0,0,0
74,Castle Plaza,SA,0,332.66,1000.72,0,329.66,0,0,0,0,0,0,0,2,0,1,0,0,0,0,0,0,0
20,Chinchilla,SA,0,332.66,1000.72,0,329.66,0,0,0,0,0,0,0,2,0,1,0,0,0,0,0,0,0
63,Clovercrest,SA,0,332.66,1000.72,0,329.66,0,0,0,0,0,0,0,2,0,1,0,0,0,0,0,0,0
141,Collinswood,SA,0,332.66,1000.72,0,329.66,0,0,0,0,0,0,0,2,0,1,0,0,0,0,0,0,0
64,Elizabeth Park,SA,0,332.66,1000.72,0,329.66,0,0,0,0,0,0,0,2,0,1,0,0,0,0,0,0,0
79,Findon,SA,0,332.66,1000.72,0,329.66,0,0,0,0,0,0,0,2,0,1,0,0,0,0,0,0,0
59,Fulham Gardens,SA,0,332.66,1000.72,0,329.66,0,0,0,0,0,0,0,2,0,1,0,0,0,0,0,0,0
53,Gawler,SA,0,332.66,1000.72,0,329.66,0,0,0,0,0,0,0,2,0,1,0,0,0,0,0,0,0
143,Gawler East,SA,0,332.66,1000.72,0,329.66,0,0,0,0,0,0,0,2,0,1,0,0,0,0,0,0,0
27,Glenunga MINI,SA,0,332.66,1000.72,0,329.66,0,0,0,0,0,0,0,2,0,1,0,0,0,0,0,0,0
62,Golden Grove,SA,0,332.66,1000.72,0,329.66,0,0,0,0,0,0,0,2,0,1,0,0,0,0,0,0,0
26,Grange,SA,0,332.66,1000.72,0,329.66,0,0,0,0,0,0,0,2,0,1,0,0,0,0,0,0,0
94,Hackham,SA,0,332.66,1000.72,0,329.66,0,0,0,0,0,0,0,2,0,1,0,0,0,0,0,0,0
57,Hallett Cove,SA,0,332.66,1000.72,0,329.66,0,0,0,0,0,0,0,2,0,1,0,0,0,0,0,0,0
76,Kingscote,SA,0,332.66,1000.72,0,329.66,0,0,0,0,0,0,0,2,0,1,0,0,0,0,0,0,0
112,Lights View,SA,0,332.66,1000.72,0,329.66,0,0,0,0,0,0,0,2,0,1,0,0,0,0,0,0,0
98,Murray Bridge,SA,0,332.66,1000.72,0,329.66,0,0,0,0,0,0,0,2,0,1,0,0,0,0,0,0,0
58,Newton,SA,0,332.66,1000.72,0,329.66,0,0,0,0,0,0,0,2,0,1,0,0,0,0,0,0,0
55,North Haven,SA,0,332.66,1000.72,0,329.66,0,0,0,0,0,0,0,2,0,1,0,0,0,0,0,0,0
23,Port Lincoln,SA,0,332.66,1000.72,0,329.66,0,0,0,0,0,0,0,2,0,1,0,0,0,0,0,0,0
75,Royal Park,SA,0,332.66,1000.72,0,329.66,0,0,0,0,0,0,0,2,0,1,0,0,0,0,0,0,0
19,Salisbury North,SA,0,332.66,1000.72,0,329.66,0,0,0,0,0,0,0,2,0,1,0,0,0,0,0,0,0
56,Seaford,SA,0,332.66,1000.72,0,329.66,0,0,0,0,0,0,0,2,0,1,0,0,0,0,0,0,0
16184,Semaphore,SA,0,332.66,1000.72,0,329.66,0,0,0,0,0,0,0,2,0,1,0,0,0,0,0,0,0
54,Surrey Downs,SA,0,332.66,1000.72,0,329.66,0,0,0,0,0,0,0,2,0,1,0,0,0,0,0,0,0
11,Torrensville,SA,0,332.66,1000.72,0,329.66,0,0,0,0,0,0,0,2,0,1,0,0,0,0,0,0,0
10,Victor Harbor,SA,0,332.66,1000.72,0,329.66,0,0,0,0,0,0,0,2,0,1,0,0,0,0,0,0,0
14,Walkley Heights MINI,SA,0,332.66,1000.72,0,329.66,0,0,0,0,0,0,0,2,0,1,0,0,0,0,0,0,0
65,Wallaroo,SA,0,332.66,1000.72,0,329.66,0,0,0,0,0,0,0,2,0,1,0,0,0,0,0,0,0
22,Wayville,SA,0,332.66,1000.72,0,329.66,0,0,0,0,0,0,0,2,0,1,0,0,0,0,0,0,0
12,West Beach,SA,0,332.66,1000.72,0,329.66,0,0,0,0,0,0,0,2,0,1,0,0,0,0,0,0,0
18,Woodcroft,SA,0,332.66,1000.72,0,329.66,0,0,0,0,0,0,0,2,0,1,0,0,0,0,0,0,0
200,NURIOOTPA Drakes,SA,0,332.66,1000.72,0,329.66,0,0,0,0,0,0,0,2,0,1,0,0,0,0,0,0,0
201,Mount Barker Mini,SA,0,332.66,1000.72,0,329.66,0,0,0,0,0,0,0,2,0,1,0,0,0,0,0,0,0
144,Yankalilla,SA,0,332.66,1000.72,0,329.66,0,0,0,0,0,0,0,2,0,1,0,0,0,0,0,0,0
43157,IGA ALICE SPRINGS NORTHSIDE,SA,0,1,500.36,0,0,0,0,0,0,0,0,0,1,0,0,0,0,0,0,0,0,0
43153,IGA M FLYNN DRIVE SUPERMARKET 83392,SA,0,1,500.36,0,0,0,0,0,0,0,0,0,1,0,0,0,0,0,0,0,0,0
250814,BIRREGURRA GEN STORE FGRC,VIC,0,1,500.36,0,0,0,0,0,0,0,0,0,1,0,0,0,0,0,0,0,0,0
17156,SUPA IGA EUROA BURTON'S 969071,VIC,0,1255.98,0,568.53,0,454.23,0,121.33,459.78,212.64,0,0,0,1,0,1,0,1,2,3,0,0
21374,IGA ANGLESEA  295535,VIC,0,123.33,500.36,0,0,0,0,121.33,0,0,0,0,1,0,0,0,0,1,0,0,0,0
18812,SUPA IGA BYRON BAY  120672,QLD,0,331.66,0,568.53,329.66,0,0,0,0,0,0,0,0,1,1,0,0,0,0,0,0,0
48109,IGA GERALDTON (RIGTERS)  135143,WA,0,0,0,0,0,0,0,0,0,0,0,0,0,0,0,0,0,0,0,0,0,0
48091,IGA GERALDTON QUEENS (RIGTERS) 132098,WA,0,330.66,0,0,329.66,0,0,0,0,0,0,0,0,0,1,0,0,0,0,0,0,0
276442,Foodworks Euroa,VIC,0,210.619,500.36,0,0,0,0,121.33,0,0,0,86.289,1,0,0,0,0,1,0,0,0,1
41814,Marco's IGA,VIC,0,123.33,500.36,0,0,0,0,121.33,0,0,0,0,1,0,0,0,0,1,0,0,0,0
32813,SUPA IGA PORTLAND (DALY)  360503,VIC,0,456.23,500.36,0,0,454.23,0,0,0,0,0,0,1,0,0,1,0,0,0,0,0,0
2578,IGA KOROIT (DALY) 973636,VIC,0,456.23,500.36,0,0,454.23,0,0,0,0,0,0,1,0,0,1,0,0,0,0,0,0
14261,IGA HEYWOOD (DALY)  409060,VIC,0,455.23,0,0,0,454.23,0,0,0,0,0,0,0,0,0,1,0,0,0,0,0,0
4628,FRIENDLY GROCER CRESTMEAD,QLD,0,441.9261168,500.36,0,0,0,0,0,229.89,141.76,65.07,0,1,0,0,0,0,0,1,2,1.206116775,0
11914,IGA TARWIN LOWER 549501,VIC,0,192.852463,500.36,0,0,0,0,121.33,0,0,0,68.726,1,0,0,0,0,1,0,0,0,0.796463049
52918,IGA LOCAL GROCER SYLVANIA,NSW,0,244.66,0,0,0,0,0,242.66,0,0,0,0,0,0,0,0,0,2,0,0,0,0
13631,IGA M WEST DUBBO 226185,NSW,0,123.33,500.36,0,0,0,0,121.33,0,0,0,0,1,0,0,0,0,1,0,0,0,0
1008,IGA LOCAL GROCER APOLLO BAY (LIE) 108886,VIC,0,1106.393058,500.36,568.53,0,908.46,0,121.33,0,0,70.3,0,1,1,0,2,0,1,0,0,1.303058387,0
20287,LEE'S SUPERMARKET WATSONIA 10629,VIC,0,1106.393058,500.36,568.53,0,908.46,0,121.33,0,0,70.3,0,1,1,0,2,0,1,0,0,1.303058387,0
17727,IGA BROADFORD (LIE) 224881,VIC,0,1106.393058,500.36,568.53,0,908.46,0,121.33,0,0,70.3,0,1,1,0,2,0,1,0,0,1.303058387,0
6036,IGA WANTIRNA SOUTH STUDFIELD (LIE) 268888,VIC,0,1106.393058,500.36,568.53,0,908.46,0,121.33,0,0,70.3,0,1,1,0,2,0,1,0,0,1.303058387,0
41629,IGA GREENSBOROUGH (LIE) 288803,VIC,0,1106.393058,500.36,568.53,0,908.46,0,121.33,0,0,70.3,0,1,1,0,2,0,1,0,0,1.303058387,0
5232,IGA EXPRESS MACEDON (LIE) 369017,VIC,0,1106.393058,500.36,568.53,0,908.46,0,121.33,0,0,70.3,0,1,1,0,2,0,1,0,0,1.303058387,0
3469,IGA YARRAVILLE (LIE) 388868,VIC,0,1106.393058,500.36,568.53,0,908.46,0,121.33,0,0,70.3,0,1,1,0,2,0,1,0,0,1.303058387,0
11884,IGA LOCAL GROCER NEWLANDERS PLUS LIQ B/PARK,VIC,0,1106.393058,500.36,568.53,0,908.46,0,121.33,0,0,70.3,0,1,1,0,2,0,1,0,0,1.303058387,0
166,SUPA IGA TEMPLESTOWE (LIE) 533000,VIC,0,1106.393058,500.36,568.53,0,908.46,0,121.33,0,0,70.3,0,1,1,0,2,0,1,0,0,1.303058387,0
8960,SUPA IGA WARRNAMBOOL (LIE) 558882,VIC,0,1106.393058,500.36,568.53,0,908.46,0,121.33,0,0,70.3,0,1,1,0,2,0,1,0,0,1.303058387,0
21108,SUPA IGA ROMSEY (LIE) 698183,VIC,0,1106.393058,500.36,568.53,0,908.46,0,121.33,0,0,70.3,0,1,1,0,2,0,1,0,0,1.303058387,0
126618,IGA LOCAL GROCER SANDY HILL,VIC,0,1106.393058,500.36,568.53,0,908.46,0,121.33,0,0,70.3,0,1,1,0,2,0,1,0,0,1.303058387,0
17234,IGA UPWEY (LIE) 950568,VIC,0,1106.393058,500.36,568.53,0,908.46,0,121.33,0,0,70.3,0,1,1,0,2,0,1,0,0,1.303058387,0
19124,IGA TRAFALGAR (LIE) 950576,VIC,0,1106.393058,500.36,568.53,0,908.46,0,121.33,0,0,70.3,0,1,1,0,2,0,1,0,0,1.303058387,0
9744,IGA LANG LANG (LIE) 951962,VIC,0,1106.393058,500.36,568.53,0,908.46,0,121.33,0,0,70.3,0,1,1,0,2,0,1,0,0,1.303058387,0
3769,SUPA IGA THOMASTOWN (LIE) 960641,VIC,0,1106.393058,500.36,568.53,0,908.46,0,121.33,0,0,70.3,0,1,1,0,2,0,1,0,0,1.303058387,0
133938,IGA LOCAL GROCER ADELAIDE ST 154702,QLD,0,183.9430584,500.36,0,0,0,0,121.33,0,0,59.51,0,1,0,0,0,0,1,0,0,1.103058387,0
11823,IGA ETTALONG (SINGH) 15827,NSW,0,355.22,500.36,568.53,0,0,0,121.33,229.89,0,0,0,1,1,0,0,0,1,1,0,0,0
1629,IGA ILUKA  88749,NSW,0,4,1000.72,1137.06,0,0,0,0,0,0,0,0,2,2,0,0,0,0,0,0,0,0
15255,FOODWORKS MONTMORENCY  196345,VIC,0,0,0,0,0,0,0,0,0,0,0,0,0,0,0,0,0,0,0,0,0,0
5260,IGA CURRUMBIN  140892,QLD,0,2,500.36,568.53,0,0,0,0,0,0,0,0,1,1,0,0,0,0,0,0,0,0
32398,IGA Canungra,QLD,0,2,500.36,568.53,0,0,0,0,0,0,0,0,1,1,0,0,0,0,0,0,0,0
33353,FOODWORKS SALE,VIC,0,1,500.36,0,0,0,0,0,0,0,0,0,1,0,0,0,0,0,0,0,0,0
13568,IGA TOOGOOLAWAH  100274,QLD,0,2,500.36,568.53,0,0,0,0,0,0,0,0,1,1,0,0,0,0,0,0,0,0
,Foodworks Mosman,QLD,0,122.33,0,0,0,0,0,121.33,0,0,0,0,0,0,0,0,0,1,0,0,0,0
211268,IGA ESK 145494,QLD,0,124.33,500.36,568.53,0,0,0,121.33,0,0,0,0,1,1,0,0,0,1,0,0,0,0
2134,IGA MILES,QLD,0,374.65,0,0,0,0,0,0,229.89,141.76,0,0,0,0,0,0,0,0,1,2,0,0
17238,FOODWORKS TEXAS   2213,QLD,0,586.11,500.36,568.53,0,0,0,121.33,459.78,0,0,0,1,1,0,0,0,1,2,0,0,0
13135,IGA M REDWOOD PARK 82987,SA,0,1,500.36,0,0,0,0,0,0,0,0,0,1,0,0,0,0,0,0,0,0,0
239417,IGA Milsons Point,NSW,0,1,0,568.53,0,0,0,0,0,0,0,0,0,1,0,0,0,0,0,0,0,0
253886,Centro North Ryde,NSW,0,1,0,568.53,0,0,0,0,0,0,0,0,0,1,0,0,0,0,0,0,0,0
257507,Centro Artarmon,NSW,0,1,0,568.53,0,0,0,0,0,0,0,0,0,1,0,0,0,0,0,0,0,0
268563,Centro CBD,NSW,0,1,0,568.53,0,0,0,0,0,0,0,0,0,1,0,0,0,0,0,0,0,0
259458,IGA North Richmond,NSW,0,1,0,568.53,0,0,0,0,0,0,0,0,0,1,0,0,0,0,0,0,0,0
47040,FOODWORKS HALLIDAYS POINT  185127,NSW,0,2,500.36,568.53,0,0,0,0,0,0,0,0,1,1,0,0,0,0,0,0,0,0
20879,FOODWORKS EAST BALLINA 332180,NSW,0,122.33,0,0,0,0,0,121.33,0,0,0,0,0,0,0,0,0,1,0,0,0,0
83276,Foodworks Mudgee,NSW,0,195.21,500.36,0,0,0,0,121.33,0,70.88,0,0,1,0,0,0,0,1,0,1,0,0
21210,IGA LOCAL GROCER SPRING HILL 997087,QLD,0,124.33,500.36,568.53,0,0,0,121.33,0,0,0,0,1,1,0,0,0,1,0,0,0,0
52882,FOODWORKS LITTLE BAY 49965,NSW,0,123.33,500.36,0,0,0,0,121.33,0,0,0,0,1,0,0,0,0,1,0,0,0,0
39589,Lawrence General Store,QLD,0,211.619,500.36,568.53,0,0,0,121.33,0,0,0,86.289,1,1,0,0,0,1,0,0,0,1
98518,SUPA IGA BARGO (KHAN)  51695,NSW,0,194.8293888,500.36,568.53,0,0,118.71,0,0,70.88,0,0,1,1,0,0,2.239388795,0,0,1,0,0
392,SUPA IGA PICTON (KHAN)  157645,NSW,0,194.8293888,500.36,568.53,0,0,118.71,0,0,70.88,0,0,1,1,0,0,2.239388795,0,0,1,0,0
3237,SUPA IGA NYNGAN (KHAN)  162836,NSW,0,190.9281671,500.36,568.53,0,0,118.71,0,0,0,0,67.2,1,1,0,0,2.239388795,0,0,0,0,0.778778292
12762,SUPA IGA LIGHTNING RIDGE (KHAN)  166880,NSW,0,718.0381671,500.36,568.53,0,454.23,118.71,0,0,70.88,0,67.2,1,1,0,1,2.239388795,0,0,1,0,0.778778292
1693,SUPA IGA GERRINGONG (KHAN)  170839,NSW,0,650.0593888,500.36,568.53,0,454.23,118.71,0,0,70.88,0,0,1,1,0,1,2.239388795,0,0,1,0,0
21461,SUPA IGA WAKELEY (KHAN)  171615,NSW,0,194.8293888,500.36,568.53,0,0,118.71,0,0,70.88,0,0,1,1,0,0,2.239388795,0,0,1,0,0
9390,IGA COBAR MARSHALL ST (KHAN) 173594,NSW,0,190.9281671,500.36,568.53,0,0,118.71,0,0,0,0,67.2,1,1,0,0,2.239388795,0,0,0,0,0.778778292
21745,SUPA IGA BOURKE (KHAN)  180973,NSW,0,190.9281671,500.36,568.53,0,0,118.71,0,0,0,0,67.2,1,1,0,0,2.239388795,0,0,0,0,0.778778292
10633,SUPA IGA COBAR LINSLEY ST (KHAN) 183476,NSW,0,262.8081671,500.36,568.53,0,0,118.71,0,0,70.88,0,67.2,1,1,0,0,2.239388795,0,0,1,0,0.778778292
13480,KHAN'S COONAMBLE,NSW,0,188.9281671,0,0,0,0,118.71,0,0,0,0,67.2,0,0,0,0,2.239388795,0,0,0,0,0.778778292
38729,C.O.D ANDERSONS FOODLAND B/G LAE PAPUA NEW GUINEA,QLD,0,1528.546117,0,0,0,0,0,0,1379.34,0,140.6,0,0,0,0,0,0,0,6,0,2.606116775,0
2971,IGA LOCAL GROCER LEICHHARDT,NSW,0,122.33,0,0,0,0,0,121.33,0,0,0,0,0,0,0,0,0,1,0,0,0,0
38714,SUPA IGA BOWEN (PERIES) 140795,QLD,0,457.23,500.36,568.53,0,454.23,0,0,0,0,0,0,1,1,0,1,0,0,0,0,0,0
21718,SUPA IGA PROSERPINE (PERIES) 125973,QLD,0,0,0,0,0,0,0,0,0,0,0,0,0,0,0,0,0,0,0,0,0,0
83572,IGA WEST MACKAY (PERIES) 127250,QLD,0,457.23,500.36,568.53,0,454.23,0,0,0,0,0,0,1,1,0,1,0,0,0,0,0,0
5914,IGA L PEASE ST MANOORA (PERIES) 157483,QLD,0,2,500.36,568.53,0,0,0,0,0,0,0,0,1,1,0,0,0,0,0,0,0,0
53173,IGA ROCKHAMPTON DEAN STREET (PERIES) 991730,QLD,0,457.23,500.36,568.53,0,454.23,0,0,0,0,0,0,1,1,0,1,0,0,0,0,0,0
6539,IGA M MONTO (PERIES) 138976,QLD,0,1,0,568.53,0,0,0,0,0,0,0,0,0,1,0,0,0,0,0,0,0,0
18982,FOODLAND LOXTON  840320,SA,0,1,500.36,0,0,0,0,0,0,0,0,0,1,0,0,0,0,0,0,0,0,0
8447,FOODLAND RENMARK  81126,SA,0,1,500.36,0,0,0,0,0,0,0,0,0,1,0,0,0,0,0,0,0,0,0
451,SUPA IGA EDMONTON (PERIES) 157459,QLD,0,2,500.36,568.53,0,0,0,0,0,0,0,0,1,1,0,0,0,0,0,0,0,0
41949,LAKES CREEK SALAD BOWL NORTH ROCKHAMPTON,QLD,0,90.289,500.36,1137.06,0,0,0,0,0,0,0,86.289,1,2,0,0,0,0,0,0,0,1
21018,FOODWORKS GEORGE ST ROCKHAMPTON 115156,QLD,0,90.289,500.36,1137.06,0,0,0,0,0,0,0,86.289,1,2,0,0,0,0,0,0,0,1
12733,FOODWORKS FRENCHVILLE 144058,QLD,0,90.289,500.36,1137.06,0,0,0,0,0,0,0,86.289,1,2,0,0,0,0,0,0,0,1
12681,FOODWORKS PARK AVE NORTH ROCKHAMPTON,QLD,0,868.609,500.36,1137.06,0,0,0,242.66,459.78,70.88,0,86.289,1,2,0,0,0,2,2,1,0,1
21090,FOODWORKS BANGALOW,QLD,0,123.33,0,568.53,0,0,0,121.33,0,0,0,0,0,1,0,0,0,1,0,0,0,0
53188,IGA GREENSLOPES 153837,QLD,0,281.2623077,0,0,0,0,0,121.33,0,0,156.04,0,0,0,0,0,0,1,0,0,2.892307692,0
22369,FRIENDLY GROCER BEACHPORT,SA,0,738.0922335,0,0,0,0,0,0,459.78,141.76,130.14,0,0,0,0,0,0,0,2,2,2.41223355,0
15174,Werris Creek Summers,NSW,0,443.509,1000.72,568.53,0,0,0,121.33,229.89,0,0,86.289,2,1,0,0,0,1,1,0,0,1
100772,FRIENDLY GROCER SUMMERS WESTDALE,NSW,0,123.33,500.36,0,0,0,0,121.33,0,0,0,0,1,0,0,0,0,1,0,0,0,0
98378,IGA APCO WODONGA,VIC,0,143.6759804,0,0,0,0,0,0,0,0,0,142.03,0,0,0,0,0,0,0,0,0,1.645980368
19006,SUPA IGA WOODRISING (CARLOS) 182666,NSW,0,0,0,0,0,0,0,0,0,0,0,0,0,0,0,0,0,0,0,0,0,0
32812,IGA CHATHAM (CARLO'S),NSW,0,1002.616117,500.36,568.53,0,454.23,53.01,121.33,229.89,70.88,65.07,0,1,1,0,1,1,1,1,1,1.206116775,0
5481,IGA WALCHA (CARLOS) 173625,NSW,0,1001.616117,0,568.53,0,454.23,53.01,121.33,229.89,70.88,65.07,0,0,1,0,1,1,1,1,1,1.206116775,0
41187,IGA WARIALDA (CARLOS) 181238,NSW,0,1001.616117,0,568.53,0,454.23,53.01,121.33,229.89,70.88,65.07,0,0,1,0,1,1,1,1,1,1.206116775,0
19269,SUPA IGA WEE WAA (CARLOS) 182674,NSW,0,1002.616117,500.36,568.53,0,454.23,53.01,121.33,229.89,70.88,65.07,0,1,1,0,1,1,1,1,1,1.206116775,0
14165,SUPA IGA GILGANDRA (CARLOS)  172491,NSW,0,1002.616117,500.36,568.53,0,454.23,53.01,121.33,229.89,70.88,65.07,0,1,1,0,1,1,1,1,1,1.206116775,0
40667,SUPA IGA QUIRINDI (CARLOS) 173641,NSW,0,1002.616117,500.36,568.53,0,454.23,53.01,121.33,229.89,70.88,65.07,0,1,1,0,1,1,1,1,1,1.206116775,0
18584,SUPA IGA SOUTH TAMWORTH (CARLOS) 197019,NSW,0,1001.616117,0,568.53,0,454.23,53.01,121.33,229.89,70.88,65.07,0,0,1,0,1,1,1,1,1,1.206116775,0
21380,IGA CALALA (CARLOS) 180290,NSW,0,1001.616117,0,568.53,0,454.23,53.01,121.33,229.89,70.88,65.07,0,0,1,0,1,1,1,1,1,1.206116775,0
16695,IGA BIRRONG (CARLOS)  183468,NSW,0,1001.616117,500.36,0,0,454.23,53.01,121.33,229.89,70.88,65.07,0,1,0,0,1,1,1,1,1,1.206116775,0
6106,IGA MANILLA (CARLOS) 184773,NSW,0,1002.616117,500.36,568.53,0,454.23,53.01,121.33,229.89,70.88,65.07,0,1,1,0,1,1,1,1,1,1.206116775,0
53176,SUPA IGA HORSLEY PARK (CARLOS) 184765,NSW,0,0,0,0,0,0,0,0,0,0,0,0,0,0,0,0,0,0,0,0,0,0
18282,IGA COONABARABRAN (CARLOS) 102705,NSW,0,1001.616117,0,568.53,0,454.23,53.01,121.33,229.89,70.88,65.07,0,0,1,0,1,1,1,1,1,1.206116775,0
85173,SUPA IGA MT TAMBORINE (CARLOS) 991544,QLD,0,1002.616117,500.36,568.53,0,454.23,53.01,121.33,229.89,70.88,65.07,0,1,1,0,1,1,1,1,1,1.206116775,0
1683,SUPA IGA BREAKFAST POINT (RED GROUP)  186246,NSW,0,486.5587776,0,0,0,0,237.42,242.66,0,0,0,0,0,0,0,0,4.478777589,2,0,0,0,0
7282,FOODLAND SEFTON PARK (CHAPLEYS)  77660,SA,0,1096.728166,0,1137.06,329.66,454.23,303.12,0,0,0,0,0,0,2,1,1,5.718166384,0,0,0,0,0
11168,IGA HAWKS NEST 81713,NSW,0,209.619,0,0,0,0,0,121.33,0,0,0,86.289,0,0,0,0,0,1,0,0,0,1
53367,IGA THIRROUL  187072,NSW,0,579.56,500.36,568.53,0,454.23,0,121.33,0,0,0,0,1,1,0,1,0,1,0,0,0,0
38805,Biggenden Foodwoeks,Qld,0,302.77,0,0,0,0,0,0,229.89,70.88,0,0,0,0,0,0,0,0,1,1,0,0
14570,IGA CLARENCETOWN  159134,NSW,0,420.6551168,500.36,0,0,0,0,121.33,0,141.76,65.07,86.289,1,0,0,0,0,1,0,2,1.206116775,1
38805,FOODWORKS BIGGENDEN,QLD,0,1,500.36,0,0,0,0,0,0,0,0,0,1,0,0,0,0,0,0,0,0,0
16315,IGA BELLINGEN 119841,NSW,0,355.22,1000.72,0,0,0,0,121.33,229.89,0,0,0,2,0,0,0,0,1,1,0,0,0
21515,IGA RAINBOW BEACH  138154,QLD,0,87.289,0,0,0,0,0,0,0,0,0,86.289,0,0,0,0,0,0,0,0,0,1
273430,IGA Imbil,Qld,0,87.289,0,0,0,0,0,0,0,0,0,86.289,0,0,0,0,0,0,0,0,0,1
39927,Port Broughton IGA,SA,0,561.8985798,500.36,0,0,0,0,121.33,229.89,70.88,65.07,68.726,1,0,0,0,0,1,1,1,1.206116775,0.796463049
53557,IGA LOCAL GROCER WESTWOOD,SA,0,1,500.36,0,0,0,0,0,0,0,0,0,1,0,0,0,0,0,0,0,0,0
1271,IGA Wamuran,Qld,0,122.33,0,0,0,0,0,121.33,0,0,0,0,0,0,0,0,0,1,0,0,0,0
40176,FOODWORKS EAST GRESFORD 181945,NSW,0,230.89,0,0,0,0,0,0,229.89,0,0,0,0,0,0,0,0,0,1,0,0,0
20887,Stoneman's Village,Vic,0,1142.099249,0,0,0,908.46,0,121.33,0,0,107.32,0,0,0,0,2,0,1,0,0,1.989249305,0
18731,FRIENDLY GROCER COOK PLUS LOCAL LIQUOR,NSW,0,1,500.36,0,0,0,0,0,0,0,0,0,1,0,0,0,0,0,0,0,0,0
13285,FOODWORKS WEDDERBURN 195826,VIC,0,283.6187783,0,0,0,0,0,0,0,212.64,0,67.2,0,0,0,0,0,0,0,3,0,0.778778292
19355,Quilpie General Store,Qld,0,942.3208868,0,0,0,454.23,0,121.33,0,283.52,0,76.356,0,0,0,1,0,1,0,4,0,0.884886834
5527,IGA STUARTS POINT 135708,NSW,0,512.548,0,0,0,0,0,121.33,0,212.64,0,172.578,0,0,0,0,0,1,0,3,0,2
7102,FRIENDLY GROCER PORT CAMPBELL,VIC,0,513.6030584,0,0,329.66,0,0,121.33,0,0,59.51,0,0,0,1,0,0,1,0,0,1.103058387,0
32432,IGA DAYBORO  994924,QLD,0,701.2230971,500.36,0,0,454.23,0,121.33,0,0,65.07,55.741,1,0,0,1,0,1,0,0,1.206116775,0.645980368
84865,SUPABARN ANNANDALE  14813,NSW,0,1802.294506,1000.72,1137.06,659.32,454.23,171.72,121.33,229.89,0,65.07,86.289,2,2,2,1,3.239388795,1,1,0,1.206116775,1
112481,SUPABARN CASEY  77609,NSW,0,2619.4694,1501.08,1705.59,988.98,454.23,462.15,242.66,229.89,0,130.14,86.289,3,3,3,1,8.718166384,2,1,0,2.41223355,1
95505,SUPABARN CRACE  18370,NSW,0,1923.243894,1000.72,1137.06,659.32,454.23,290.43,121.33,229.89,0,65.07,86.289,2,2,2,1,5.478777589,1,1,0,1.206116775,1
17306,SUPABARN GYMEA  182412,NSW,0,1802.294506,1000.72,1137.06,659.32,454.23,171.72,121.33,229.89,0,65.07,86.289,2,2,2,1,3.239388795,1,1,0,1.206116775,1
84832,SUPABARN KINGSTON 120999,NSW,0,2619.4694,1501.08,1705.59,988.98,454.23,462.15,242.66,229.89,0,130.14,86.289,3,3,3,1,8.718166384,2,1,0,2.41223355,1
83854,SUPABARN SAN SOUCI  49761,NSW,0,2552.530011,1501.08,1705.59,988.98,454.23,396.45,242.66,229.89,0,130.14,86.289,3,3,3,1,7.478777589,2,1,0,2.41223355,1
1458,FOODWORKS TATURA (REDDROPS) 962159,VIC,0,1,500.36,0,0,0,0,0,0,0,0,0,1,0,0,0,0,0,0,0,0,0
112586,PRAHRAN GROCER (REDDROPS) 771253,VIC,0,1,500.36,0,0,0,0,0,0,0,0,0,1,0,0,0,0,0,0,0,0,0
20945,IGA SEYMOUR (REDDROPS) 981266,VIC,0,1,500.36,0,0,0,0,0,0,0,0,0,1,0,0,0,0,0,0,0,0,0
24038,SEASONS IGA BURPENGARY,QLD,0,124.33,500.36,568.53,0,0,0,121.33,0,0,0,0,1,1,0,0,0,1,0,0,0,0
18571,SUPA IGA CALOUNDRA (SEASONS)  124862,QLD,0,124.33,500.36,568.53,0,0,0,121.33,0,0,0,0,1,1,0,0,0,1,0,0,0,0
11242,IGA COOROY EMERALD ST (SEASONS) 148997,QLD,0,124.33,500.36,568.53,0,0,0,121.33,0,0,0,0,1,1,0,0,0,1,0,0,0,0
11297,IGA SEASONS EAST BRISBANE,QLD,0,124.33,500.36,568.53,0,0,0,121.33,0,0,0,0,1,1,0,0,0,1,0,0,0,0
128128,IGA COOROY GARNET ST (SEASONS) 149008,QLD,0,124.33,500.36,568.53,0,0,0,121.33,0,0,0,0,1,1,0,0,0,1,0,0,0,0
18838,SUPA IGA NOOSA JUNCTION (SEASONS) 127446,QLD,0,124.33,500.36,568.53,0,0,0,121.33,0,0,0,0,1,1,0,0,0,1,0,0,0,0
8917,IGA MALENY (SEASONS) 147179,QLD,0,124.33,500.36,568.53,0,0,0,121.33,0,0,0,0,1,1,0,0,0,1,0,0,0,0
32758,IGA YANDINA 142844,QLD,0,124.33,500.36,568.53,0,0,0,121.33,0,0,0,0,1,1,0,0,0,1,0,0,0,0
85235,IGA MAROOCHYDORE WISES RD (SEASONS) 155229,QLD,0,124.33,500.36,568.53,0,0,0,121.33,0,0,0,0,1,1,0,0,0,1,0,0,0,0
83068,IGA LOCAL GROCER CARINDALE  121343,QLD,45859,1,500.36,0,0,0,0,0,0,0,0,0,1,0,0,0,0,0,0,0,0,0
83580,IGA MURWILLUMBAH TWEED VALLEY 996950,QLD,45859,1,500.36,0,0,0,0,0,0,0,0,0,1,0,0,0,0,0,0,0,0,0
21382,FOODWORKS POTTSVILLE,QLD,45859,1,500.36,0,0,0,0,0,0,0,0,0,1,0,0,0,0,0,0,0,0,0
1000,DRAKES MT GAMBIER,SA,45859,331.66,500.36,0,329.66,0,0,0,0,0,0,0,1,0,1,0,0,0,0,0,0,0
1001,DRAKES MILLICENT,SA,45859,331.66,500.36,0,329.66,0,0,0,0,0,0,0,1,0,1,0,0,0,0,0,0,0
83224,IGA CRESTMEAD 146408,QLD,45859,1,500.36,0,0,0,0,0,0,0,0,0,1,0,0,0,0,0,0,0,0,0
21363,IGA LOCAL GROCER MAROOCHY WATERS,QLD,45859,354.5530971,0,568.53,0,0,0,0,229.89,0,65.07,55.741,0,1,0,0,0,0,1,0,1.206116775,0.645980368
86513,IGA M MOLONG 166369,NSW,45859,1,500.36,0,0,0,0,0,0,0,0,0,1,0,0,0,0,0,0,0,0,0
33575,IGA M KANDOS 170334,NSW,45859,478.2561926,500.36,0,0,0,0,0,229.89,70.88,115.95,55.741,1,0,0,0,0,0,1,1,2.149212234,0.645980368
82514,FOODWORKS SPEARWOOD (FARMER JACK'S)  206644,WA,45859,215.64,0,0,0,0,0,0,0,212.64,0,0,0,0,0,0,0,0,0,3,0,0
3804,SUPA IGA OBERON 182608,NSW,45859,1118.458389,500.36,568.53,329.66,454.23,118.71,121.33,0,0,0,86.289,1,1,1,1,2.239388795,1,0,0,0,1
2126,IGA M MAWHOODS GRENFELL 77413,NSW,45859,1118.458389,500.36,568.53,329.66,454.23,118.71,121.33,0,0,0,86.289,1,1,1,1,2.239388795,1,0,0,0,1
3815,SUPA IGA COOTAMUNDRA  91213,NSW,45859,996.509,0,568.53,329.66,454.23,0,121.33,0,0,0,86.289,0,1,1,1,0,1,0,0,0,1
14447,IGA STOCKTON (SINGH) 79376,NSW,45859,1,500.36,0,0,0,0,0,0,0,0,0,1,0,0,0,0,0,0,0,0,0
12229,IGA TUGUN 140834,QLD,45859,1,500.36,0,0,0,0,0,0,0,0,0,1,0,0,0,0,0,0,0,0,0
128688,IGA COOMERA WATERS 156233,QLD,45859,1,500.36,0,0,0,0,0,0,0,0,0,1,0,0,0,0,0,0,0,0,0
17878,FRIENDLY GROCER SURAT,QLD,45859,1,0,568.53,0,0,0,0,0,0,0,0,0,1,0,0,0,0,0,0,0,0
123090,IGA ROBINA (SPANOS) 103256,QLD,45859,1,500.36,0,0,0,0,0,0,0,0,0,1,0,0,0,0,0,0,0,0,0
20980,IGA MERMAID WATERS (SPANOS)  135685,QLD,45859,1,500.36,0,0,0,0,0,0,0,0,0,1,0,0,0,0,0,0,0,0,0
33043,SUPA IGA STANTHORPE (SPANOS)  138235,QLD,45859,2,500.36,568.53,0,0,0,0,0,0,0,0,1,1,0,0,0,0,0,0,0,0
46008,SUPA IGA WARWICK (SPANOS)  992922,QLD,45859,2,500.36,568.53,0,0,0,0,0,0,0,0,1,1,0,0,0,0,0,0,0,0
33160,SUPA IGA GATTON (SPANOS)  992948,QLD,45859,2,500.36,568.53,0,0,0,0,0,0,0,0,1,1,0,0,0,0,0,0,0,0
20612,IGA HIGHLAND PARK NERANG (SPANOS)  997142,QLD,45859,1,500.36,0,0,0,0,0,0,0,0,0,1,0,0,0,0,0,0,0,0,0
83444,MT LAWLEY - SECOND AVE IGA,WA,45859,1,500.36,0,0,0,0,0,0,0,0,0,1,0,0,0,0,0,0,0,0,0
48235,Good Grocer Boulevard,WA,45859,1,500.36,0,0,0,0,0,0,0,0,0,1,0,0,0,0,0,0,0,0,0
48312,IGA GLENDALOUGH 209287,WA,45859,124.33,1000.72,0,0,0,0,121.33,0,0,0,0,2,0,0,0,0,1,0,0,0,0
72041,BERNARDIS MARKETPLACE BATHURST,NSW,45860,2490.026953,1000.72,1137.06,329.66,454.23,343.44,242.66,689.67,141.76,178.53,86.289,2,2,1,1,6.478777589,2,3,2,3.309175162,1
18234,SUPA IGA BLAYNEY (BERNARDI)  173146,NSW,45860,2909.975953,1501.08,1705.59,659.32,454.23,343.44,242.66,689.67,141.76,178.53,172.578,3,3,2,1,6.478777589,2,3,2,3.309175162,2
6104,SUPA IGA FORBES (BERNARDI)  420129,NSW,45860,2909.975953,1501.08,1705.59,659.32,454.23,343.44,242.66,689.67,141.76,178.53,172.578,3,3,2,1,6.478777589,2,3,2,3.309175162,2
40057,SUPA IGA WEST WYALONG (BERNARDI)  181929,NSW,45860,2909.975953,1501.08,1705.59,659.32,454.23,343.44,242.66,689.67,141.76,178.53,172.578,3,3,2,1,6.478777589,2,3,2,3.309175162,2
0,Ten Tops Armidale,NSW,45860,643.6191752,0,0,0,0,0,0,459.78,0,178.53,0,0,0,0,0,0,0,2,0,3.309175162,0
0,Ten Tops Belmont,NSW,45860,1166.012234,0,0,0,0,0,0,919.56,0,238.04,0,0,0,0,0,0,0,4,0,4.41223355,0
239146,Ten Tops dubbo,NSW,45860,1688.405292,0,0,0,0,0,0,1379.34,0,297.55,0,0,0,0,0,0,0,6,0,5.515291937,0
0,Ten Tops Fyshwick,NSW,45860,874.5091752,0,0,0,0,0,0,689.67,0,178.53,0,0,0,0,0,0,0,3,0,3.309175162,0
0,Ten Tops Lake Haven,NSW,45860,874.5091752,0,0,0,0,0,0,689.67,0,178.53,0,0,0,0,0,0,0,3,0,3.309175162,0
0,Ten Tops Nowra,NSW,45860,643.6191752,0,0,0,0,0,0,459.78,0,178.53,0,0,0,0,0,0,0,2,0,3.309175162,0
0,Ten Tops Orange,NSW,45860,643.6191752,0,0,0,0,0,0,459.78,0,178.53,0,0,0,0,0,0,0,2,0,3.309175162,0
0,Ten Tops Penrith,NSW,45860,1688.405292,0,0,0,0,0,0,1379.34,0,297.55,0,0,0,0,0,0,0,6,0,5.515291937,0
0,Ten Tops Richmond,NSW,45860,1105.399175,0,0,0,0,0,0,919.56,0,178.53,0,0,0,0,0,0,0,4,0,3.309175162,0
287902,Ten Tops Seven Hills,NSW,45860,874.5091752,0,0,0,0,0,0,689.67,0,178.53,0,0,0,0,0,0,0,3,0,3.309175162,0
0,Ten Tops Tamworth,NSW,45860,1105.399175,0,0,0,0,0,0,919.56,0,178.53,0,0,0,0,0,0,0,4,0,3.309175162,0
0,Ten Tops Tuggerah,NSW,45860,1105.399175,0,0,0,0,0,0,919.56,0,178.53,0,0,0,0,0,0,0,4,0,3.309175162,0
0,Ten Tops Tuggeranong,NSW,45860,583.0061168,0,0,0,0,0,0,459.78,0,119.02,0,0,0,0,0,0,0,2,0,2.206116775,0
0,Ten Tops Wagga Wagga,NSW,45860,874.5091752,0,0,0,0,0,0,689.67,0,178.53,0,0,0,0,0,0,0,3,0,3.309175162,0
0,Ten Tops Young,NSW,45860,874.5091752,0,0,0,0,0,0,689.67,0,178.53,0,0,0,0,0,0,0,3,0,3.309175162,0
0,Ten Tops Hoxton Park,NSW,45860,874.5091752,0,0,0,0,0,0,689.67,0,178.53,0,0,0,0,0,0,0,3,0,3.309175162,0
0,Ten Tops Gregory Hills,NSW,45860,874.5091752,0,0,0,0,0,0,689.67,0,178.53,0,0,0,0,0,0,0,3,0,3.309175162,0
0,Ten Tops Shell Harbour,NSW,45860,874.5091752,0,0,0,0,0,0,689.67,0,178.53,0,0,0,0,0,0,0,3,0,3.309175162,0
0,Ten Tops Fountain Gate,NSW,45860,874.5091752,0,0,0,0,0,0,689.67,0,178.53,0,0,0,0,0,0,0,3,0,3.309175162,0
0,Ten Tops Cranbourne,NSW,45860,1166.012234,0,0,0,0,0,0,919.56,0,238.04,0,0,0,0,0,0,0,4,0,4.41223355,0
0,Ten Tops Sunshine,NSW,45860,1226.625292,0,0,0,0,0,0,919.56,0,297.55,0,0,0,0,0,0,0,4,0,5.515291937,0
0,Ten Tops Dandenong,NSW,45860,1105.399175,0,0,0,0,0,0,919.56,0,178.53,0,0,0,0,0,0,0,4,0,3.309175162,0
0,Ten Tops Store 1,NSW,45860,874.5091752,0,0,0,0,0,0,689.67,0,178.53,0,0,0,0,0,0,0,3,0,3.309175162,0
0,Ten Tops Store 2,NSW,45860,874.5091752,0,0,0,0,0,0,689.67,0,178.53,0,0,0,0,0,0,0,3,0,3.309175162,0
0,Ten Tops Store 3,NSW,45860,874.5091752,0,0,0,0,0,0,689.67,0,178.53,0,0,0,0,0,0,0,3,0,3.309175162,0
0,Ten Tops Store 4,NSW,45860,874.5091752,0,0,0,0,0,0,689.67,0,178.53,0,0,0,0,0,0,0,3,0,3.309175162,0
0,Ten Tops Store 5,NSW,45860,874.5091752,0,0,0,0,0,0,689.67,0,178.53,0,0,0,0,0,0,0,3,0,3.309175162,0
21434,FOODLAND HAPPY VALLEY (RUGLESS)  1474,SA,0,717.0992122,1000.72,1137.06,0,0,0,121.33,229.89,0,353.33,0,2,2,0,0,0,1,1,0,6.549212234,0
22018,FOODLAND MT BARKER (RUGLESS)  840770,SA,0,483.7730584,1000.72,1137.06,0,0,0,121.33,229.89,0,124.25,0,2,2,0,0,0,1,1,0,2.303058387,0
3554,FOODLAND YORKETOWN (RUGLESS)  837150,SA,0,124.33,500.36,568.53,0,0,0,121.33,0,0,0,0,1,1,0,0,0,1,0,0,0,0
43467,FOODLAND PENOLA RUGLESS,SA,0,124.33,500.36,568.53,0,0,0,121.33,0,0,0,0,1,1,0,0,0,1,0,0,0,0
13313,FOODLAND CEDUNA  833,SA,0,1371.69,1501.08,1705.59,0,1362.69,0,0,0,0,0,0,3,3,0,3,0,0,0,0,0,0
30471,IGA Queenstown (Evans),TAS,0,2,500.36,568.53,0,0,0,0,0,0,0,0,1,1,0,0,0,0,0,0,0,0
30441,IGA X-press Devonport (Valley Road) PPS,TAS,0,2,500.36,568.53,0,0,0,0,0,0,0,0,1,1,0,0,0,0,0,0,0,0
30382,IGA Oatlands (Roxy),TAS,0,2,500.36,568.53,0,0,0,0,0,0,0,0,1,1,0,0,0,0,0,0,0,0
30506,IGA X-press Newnham,TAS,0,2,500.36,568.53,0,0,0,0,0,0,0,0,1,1,0,0,0,0,0,0,0,0
30717,Hill Street Grocer (Devonport),TAS,0,2,500.36,568.53,0,0,0,0,0,0,0,0,1,1,0,0,0,0,0,0,0,0
30802,IGA Burnie (Syd's),TAS,0,1,0,568.53,0,0,0,0,0,0,0,0,0,1,0,0,0,0,0,0,0,0
30263,IGA Ulverstone Railway ,TAS,0,2,500.36,568.53,0,0,0,0,0,0,0,0,1,1,0,0,0,0,0,0,0,0
30259,IGA X-press Nubeena (Seabreeze),TAS,0,1,0,568.53,0,0,0,0,0,0,0,0,0,1,0,0,0,0,0,0,0,0
30259,,,,, ,,,,,,,,,,,,,,,,,,,